estimator,rep,pehe_in,pehe_out,ate_err_in,ate_err_out,seconds
Naive,0,0.8659846526585623,0.7962171206999674,0.0068742354278841,0.0516485006522771,8.893013000488281e-05
Naive,1,0.8206115645872205,0.8216028520226006,0.0259269207575414,0.1557196911420728,9.298324584960938e-05
Naive,2,0.8941305948822714,1.1043002257086736,0.0484428638687495,0.0875208469039119,0.0001401901245117
Naive,3,1.920302240067261,2.0862018594059366,0.0108810411101103,0.302608985735973,8.940696716308594e-05
Naive,4,2.631625162330644,2.473116645791205,0.0526474762086426,0.0512509138695023,0.0001137256622314
Naive,5,0.7841944715402422,0.8916278081200751,0.1092286408065481,0.1879569419251585,9.41753387451172e-05
Naive,6,0.3886679901357129,0.3883089912151728,0.2531389865712867,0.2822004851684814,0.000152587890625
Naive,7,1.480398785257497,2.037019958166182,0.1734636851404074,0.1553127439285511,0.0001249313354492
Naive,8,26.47977324315745,34.609548030934974,1.5829303494815434,1.3580422845487463,8.654594421386719e-05
Naive,9,8.833819408555465,9.360768428484462,0.3543583754899408,0.4445215574221368,9.226799011230467e-05
Naive,10,2.1522947870640543,1.5351576709853194,0.0591055680956031,0.372091496596882,9.250640869140624e-05
Naive,11,4.356758042728238,3.5740829252299737,0.0825438429501987,0.1717166589063303,9.03606414794922e-05
Naive,12,35.63465219550773,36.97829326426808,1.9345192456014857,6.91583675000081,9.107589721679688e-05
Naive,13,0.5252560069361726,0.5736786585292452,0.0980110538561351,0.1695781367069662,0.0001049041748046
Naive,14,2.142981082253299,2.171892724427764,0.1224057085406875,0.0600398661684682,8.940696716308594e-05
Naive,15,1.402662791163892,1.3362210506295134,0.3843847954599448,0.4331236623093959,9.202957153320312e-05
Naive,16,4.614041308277697,3.739158461819956,0.0395434118836512,0.248687051423746,8.678436279296875e-05
Naive,17,3.059485283376238,3.089201495455086,0.2434738365983131,0.2173817283977146,8.416175842285156e-05
Naive,18,3.4232990394885525,3.4673523659831167,0.0102977095828347,0.019335687967616,0.0001299381256103
Naive,19,0.9919028867389524,1.216089837478969,0.0366361240948718,0.09565658695404,0.0001053810119628
Naive,20,9.556220646132369,5.955377655790972,0.4967500454399962,2.239358049681542,0.000101089477539
Naive,21,1.2165553481688949,1.2068494896072253,0.0487420987276614,0.0263544982814272,9.918212890625e-05
Naive,22,2.8047245340222533,2.3656449463293887,0.1678927236104463,0.1777719705702773,9.560585021972656e-05
Naive,23,6.075189767051087,7.677666519920004,0.152504033465755,1.865640881441494,8.988380432128906e-05
Naive,24,2.796549958160153,4.307218765795404,0.4923656519581225,1.1375779124880214,8.726119995117188e-05
Naive,25,16.696918783031048,15.140944668489384,0.030987467229588,2.306480489670302,8.606910705566406e-05
Naive,26,1.599438949502685,1.384772613390862,0.0245297923068696,0.3240830660351705,8.821487426757812e-05
Naive,27,42.012680124576086,53.42508302187435,1.8106719999729,14.192268480616754,9.870529174804688e-05
Naive,28,3.173843809860291,2.722089032224,0.0705166016196434,0.1168238139100172,0.000117540359497
Naive,29,2.9748519378666183,2.259311992421944,0.201315391812594,0.5411481352596379,8.153915405273438e-05
Naive,30,2.8573593976075427,3.800457933047086,0.2609205883540664,0.9421835530343312,8.153915405273438e-05
Naive,31,0.6421642972047981,0.6408967730942126,0.0077179060032888,0.0269608565095706,9.03606414794922e-05
Naive,32,3.2157316813279,2.600022783411453,0.1368596814127398,0.4784193383993411,0.000108003616333
Naive,33,38.70108772975771,36.60971511167845,0.9511860889213688,1.3959964186529783,0.0001289844512939
Naive,34,5.662514436570972,5.771829348652623,0.2515041431030802,0.5238027982661633,0.0001008510589599
Naive,35,5.636395229073429,4.791930227260783,0.3832957399669965,0.3550265645360477,8.58306884765625e-05
Naive,36,10.044366712514805,10.85372217153276,0.13289153129928,1.09784423288467,8.988380432128906e-05
Naive,37,2.158136485475183,2.3697160682544034,0.0902130681826118,0.4646132123168027,9.989738464355467e-05
Naive,38,9.142991033658546,9.10079413474583,0.7607865052075313,1.2312682636778014,0.0001003742218017
Naive,39,3.938434632968344,3.387851913722017,0.1682093153170409,0.6231113586419488,9.27448272705078e-05
Naive,40,1.1303116908839952,1.4589717083643263,0.1916549960669487,0.5551237725387437,8.845329284667969e-05
Naive,41,0.568755811591707,0.5632236988337589,0.0112407379776646,3.801828717309164e-05,8.749961853027344e-05
Naive,42,1.7091813283022042,1.4048128199940588,0.2532515765452325,0.0611538156637037,9.012222290039062e-05
Naive,43,2.580408347919927,2.4672372107852074,0.0994847386940946,0.2156054736681714,9.965896606445312e-05
Naive,44,4.731626777054234,4.202722902394045,0.206430075172002,0.1866742031424659,9.560585021972656e-05
Naive,45,4.161084742890182,3.163331517077396,0.3442107909790408,0.1311041713587499,0.0001032352447509
Naive,46,5.720768352897558,6.336440323497682,0.3534695037512003,0.7399730528786694,9.03606414794922e-05
Naive,47,1.5389014752725705,1.3190308649219709,0.1054937795765287,0.411518111369737,9.012222290039062e-05
Naive,48,3.8337176885809794,3.6067095166815855,0.1157733614446341,0.0178857757133279,9.1552734375e-05
Naive,49,2.2433725206854374,2.043643339419301,0.1194703548486897,0.267714979002251,8.821487426757812e-05
Naive,50,2.0273216066993767,1.957923025289592,0.3234633266663884,0.3255293109267354,8.797645568847656e-05
Naive,51,3.3344425007870715,3.3278231050614595,0.1594221306328682,0.7962246370864348,0.0001223087310791
Naive,52,13.982747005430747,13.050555395101336,0.6091557458766266,0.4153031882606592,8.344650268554688e-05
Naive,53,6.860166716488468,6.092326646326472,0.2406723543128723,0.190773262789337,8.296966552734375e-05
Naive,54,1.1786210623102962,1.424967280912323,0.2689314527047117,0.0360717171865059,8.606910705566406e-05
Naive,55,0.1463424495913867,0.1482572621716312,0.0368745570862936,0.0447325004382488,8.630752563476562e-05
Naive,56,0.7660601592722954,0.6957271627023,0.2155412919049535,0.195506952427853,8.535385131835938e-05
Naive,57,3.184559662389617,2.945647862691147,0.0246033735407218,0.4329404385960522,0.0001373291015625
Naive,58,0.9908600255137028,0.905973388282065,0.222072505077354,0.25991096228634,9.012222290039062e-05
Naive,59,11.813114961480425,10.509112265644465,0.1105433774543511,0.631666183150819,0.0001273155212402
Naive,60,0.7532679713566941,0.8342013821772353,0.0534257274898255,0.1130755378460302,8.749961853027344e-05
Naive,61,1.8616137123036167,1.7113916102974829,0.0416877245989981,0.0693177762799601,8.7738037109375e-05
Naive,62,2.5995645867676425,3.2038427223459864,0.2319262596813409,0.5324538763030082,9.41753387451172e-05
Naive,63,2.498000944149051,3.015492392528047,0.3671926088434758,0.0273384525352429,9.965896606445312e-05
Naive,64,4.310004625034145,5.519382106065393,0.1165960132954095,0.0729916386029865,8.916854858398438e-05
Naive,65,1.3972792249943429,2.223659804951008,0.1916385463800098,0.4855026490885481,9.059906005859376e-05
Naive,66,0.7384869646018284,0.8883530588448447,0.1395055946153087,0.2893837399099266,9.34600830078125e-05
Naive,67,23.28911146746956,23.9319701878101,1.1545125355868056,2.865130447129524,8.726119995117188e-05
Naive,68,1.2853215954148198,1.35518788824949,0.237715193696745,0.2840712232805988,8.916854858398438e-05
Naive,69,0.1189393603736037,0.105371699968229,0.0275798908930209,0.0100065017887809,8.440017700195312e-05
Naive,70,8.044217265637903,5.928803171941754,0.8040337334469134,0.4927987392313939,8.630752563476562e-05
Naive,71,0.0316995225904788,0.0363195838097698,0.0022795489719444,0.0056157637227896,0.0001091957092285
Naive,72,1.0777020966786433,1.14343548508009,0.1273860046987973,0.0427336810755263,8.487701416015625e-05
Naive,73,0.5160656119469295,0.4425669700419866,0.016739072975298,0.0700143456094029,8.606910705566406e-05
Naive,74,0.1032673001652993,0.097553528326021,0.0112881544802179,0.0148591402081494,8.511543273925781e-05
Naive,75,6.423916636737147,6.325329055725303,0.38220566312327,1.158874037025229,0.0001204013824462
Naive,76,0.9482778519433296,0.7582043268663105,0.0129894501999494,0.1183209270371028,9.250640869140624e-05
Naive,77,0.5061141277735342,0.526019447796394,0.1819623908279082,0.2524733471570703,8.678436279296875e-05
Naive,78,0.8265979816435062,0.8253124903726557,0.1424478417980079,0.1727929574274158,9.989738464355467e-05
Naive,79,0.3865735684842718,0.460490252980218,0.0764149385455223,0.1729839469893987,8.440017700195312e-05
Naive,80,24.19894668171896,24.11206940650737,1.377239110708782,2.245819672689004,8.893013000488281e-05
Naive,81,11.074949265005676,12.110153136466502,0.3194522500898609,0.8506946406257887,0.0001025199890136
Naive,82,4.24984469751816,4.434387527908787,0.070490214287342,0.0344890455082174,8.392333984375e-05
Naive,83,14.088759833545238,16.283988181280453,0.444152128730543,1.3570251363246486,8.797645568847656e-05
Naive,84,23.192666165528127,21.37022894428,1.2792518953493928,0.4098333487103305,8.940696716308594e-05
Naive,85,17.940117966245523,21.960011946450635,0.6975830926858899,4.222227931555082,0.0001032352447509
Naive,86,2.506347425679865,2.765370990673033,0.3079003817678485,0.5907044579508876,0.0001051425933837
Naive,87,0.1572251710674239,0.1517077991518073,0.1384811828584182,0.1308961141143458,8.535385131835938e-05
Naive,88,3.0351768264688688,2.587769681710578,0.0330410821874633,0.2254240127986326,8.654594421386719e-05
Naive,89,1.956645476855496,2.341421849294339,0.0508104548640186,0.0962948228667528,0.0001037120819091
Naive,90,0.5491317605812639,0.5631308456377638,0.3416235684438216,0.3377143958373239,8.344650268554688e-05
Naive,91,3.206431865226996,2.9654857239439614,0.3494443613604741,0.4490426860718628,8.988380432128906e-05
Naive,92,16.725887371704847,14.2478237840544,1.109121964485512,0.7355646695594356,8.988380432128906e-05
Naive,93,1.2642313547191324,1.48746733252758,0.1484944653864497,0.051115363574743,0.0001115798950195
Naive,94,1.9647112805692912,1.9924261951783104,0.0272783569526335,0.3126497288404932,8.368492126464844e-05
Naive,95,2.147547422430948,2.9292690327858293,0.0005718516734152,0.8709890809474419,9.632110595703124e-05
Naive,96,2.2088870242256253,1.8774597611487656,0.2389350676842072,0.0574678469284348,0.0001118183135986
Naive,97,12.944152359711651,15.12404566202275,0.8765980976330479,3.4960964702373074,8.916854858398438e-05
Naive,98,4.132871081807296,3.4494263609939444,0.0167020513355184,0.1493749588033681,8.368492126464844e-05
Naive,99,2.417524071106712,2.8361993924322806,0.1320497486187255,0.1903359515569103,9.918212890625e-05
LinearDML,0,0.654690436800932,0.6198243027860458,0.07278471127132,0.0865078326687811,1.421999216079712
LinearDML,1,0.8738357148434861,0.8107828911458438,0.0190643439082949,0.0373620801868623,1.6166601181030271
LinearDML,2,0.6734482529991695,0.8165323422355397,0.0323478818869489,0.0864312870577479,1.638408899307251
LinearDML,3,1.182307226560756,1.1513629152431146,0.0890803370718238,0.2362350287164822,1.149370193481445
LinearDML,4,1.5712581470981235,1.5544825891714007,0.0802819303645909,0.1259802262155176,1.108126163482666
LinearDML,5,0.8281222522898934,0.7455235622977116,0.0651049156415357,0.0268713962646391,1.1341259479522705
LinearDML,6,0.6295751552934602,0.5834236958458027,0.2406494176526865,0.2082624316871002,1.1356532573699951
LinearDML,7,1.2432343349321509,1.3303187400797272,0.3742021325712845,0.2592822677394379,1.1638035774230957
LinearDML,8,14.022215746621097,21.189243255376265,1.0735325024507691,2.359855296615205,1.1279199123382568
LinearDML,9,3.756939001624195,3.737437192431616,0.9167724199404824,1.4468231935912763,1.152827501296997
LinearDML,10,1.2517512369105743,1.3564830900558222,0.1892756566309308,0.2204724437514995,1.1738145351409912
LinearDML,11,2.47003656750383,2.3545880550576284,0.4440026294084083,0.6424578635256344,1.4273350238800049
LinearDML,12,16.085252067700544,15.242259847728626,0.4805110852065883,0.2569699864942318,1.609027624130249
LinearDML,13,0.8166948603275835,0.8753838153855149,0.0831019265902317,0.101347929378476,1.5800423622131348
LinearDML,14,1.311658967831124,1.5759986496505427,0.3473059055269503,0.4757668466362119,1.1297411918640137
LinearDML,15,0.7229249804159835,0.7484685206609023,0.2962614770606615,0.3042317393451972,1.1252849102020264
LinearDML,16,2.353136630735991,2.5913041541011665,0.3542469046369878,0.5869365930151131,1.1340577602386477
LinearDML,17,1.7123578276349722,1.6747632316702563,0.1939217861225159,0.2714667340048242,1.127788782119751
LinearDML,18,1.6893065082561811,2.4179487113746845,0.2483478646932901,0.5913473937292957,1.1270148754119873
LinearDML,19,0.7258226561244302,0.7697906336228633,0.0390843697651881,0.0648664726437617,1.1171226501464844
LinearDML,20,6.679465844383085,6.477719222949288,0.1677905008993945,0.0595923820591961,1.1222691535949707
LinearDML,21,1.0813166542465096,1.1162208127787627,0.1196745276958832,0.1703966468847619,1.1174416542053225
LinearDML,22,2.095470674336459,2.1530485967230657,0.1451698503010545,0.1735407848255379,1.3126091957092283
LinearDML,23,3.2764199527514646,3.2367943179148355,0.5937003415213473,0.6291659054700136,1.5966448783874512
LinearDML,24,1.409482143031898,1.9935861184932016,0.0969156131440032,0.1543745254315096,1.6639888286590576
LinearDML,25,10.644108812432805,9.754651233836622,2.1425232275617576,2.7955124372621483,1.2465591430664062
LinearDML,26,1.3673295144082656,1.2337559260597428,0.3519391657867023,0.193710194654419,1.1429736614227295
LinearDML,27,23.28322673577834,25.65487919747538,4.315590506626247,3.181682428967094,1.1263399124145508
LinearDML,28,1.5102760765140533,1.491489754399293,0.0145651280528458,0.3512024961909348,1.1301894187927246
LinearDML,29,1.6268251554312023,1.700758698452929,0.0457498740647004,0.0971623608590661,1.1194572448730469
LinearDML,30,1.8871872816841624,2.474591997593554,0.4710228730022172,0.4637423967623717,1.1245019435882568
LinearDML,31,0.5035090338948605,0.5615215247595235,0.0165230967453693,0.046991965172078,1.1457087993621826
LinearDML,32,2.008705702261769,1.862112241596377,0.2673537597815976,0.131011034163631,1.095719575881958
LinearDML,33,21.35791246982193,21.654147940865435,3.8124437469931296,5.666750642828837,1.255929708480835
LinearDML,34,2.7629243890814386,2.731470836592081,0.5725561187290946,0.6287472212785676,1.566901922225952
LinearDML,35,3.684542841564153,3.671822117850162,0.7415696717422353,0.0717769571179287,1.6151962280273438
LinearDML,36,3.4532645998032736,3.604065400350492,0.3722421500301904,0.299552069252861,1.3193762302398682
LinearDML,37,1.480201158524593,1.45457420528366,0.2099200282983426,0.2642710148302027,1.1194441318511963
LinearDML,38,6.561961121455936,6.576033797052343,0.7520370041801945,0.2802566152800647,1.1145403385162354
LinearDML,39,2.42801540364683,1.9693558991651643,0.0456929533379106,0.2629938190730145,1.093562126159668
LinearDML,40,1.0151445561857528,1.0670814160836186,0.0167382373077034,0.0780516285832817,1.1074273586273191
LinearDML,41,0.829504585501053,0.8151888339725117,0.0454499845456353,0.0067344771949735,1.1474454402923584
LinearDML,42,1.8500810854841063,2.0552687540169146,0.3778407396154666,0.3429589081865583,1.1276094913482666
LinearDML,43,1.3120335039366189,1.3116858609430506,0.1475007942294199,0.0350408658907395,1.1386990547180176
LinearDML,44,3.1070246410054088,3.1421671678411864,0.1105452879990211,0.1452725809947921,1.1766886711120603
LinearDML,45,2.265609807925168,2.435409396970169,0.2958856908988334,0.0407722554300962,1.5411677360534668
LinearDML,46,2.1733384292902462,2.6087527193627578,0.050943870707317,0.1811498564081528,1.5996134281158447
LinearDML,47,0.8600801680686718,0.7730997276778375,0.0656223277342422,0.0873527069182964,1.4486546516418457
LinearDML,48,1.3787652399406107,1.6034411524594971,0.3456970150737515,0.7304853551833865,1.1474330425262451
LinearDML,49,1.3793082067483289,1.293344302684421,0.0894653918231487,0.1529796118035218,1.14204740524292
LinearDML,50,0.9445123402236516,0.9152370446065404,0.3419973512560572,0.2926049728426383,1.1479713916778564
LinearDML,51,1.6052816425625118,1.8089464058679567,0.4006924230991604,0.582276130361552,1.1426362991333008
LinearDML,52,6.367486641848187,6.328867703878659,1.4141653770634663,1.590747887172304,1.124134540557861
LinearDML,53,4.165846701050349,3.3652496124696025,1.334646957392792,0.7966460278008167,1.1188454627990725
LinearDML,54,0.9476779927076586,1.1879922618463945,0.050570283022147,0.0077794264536739,1.106050729751587
LinearDML,55,0.5111109399029933,0.5819406406463419,0.0828691428742947,0.0787858603486024,1.111485719680786
LinearDML,56,0.8098464732235001,0.8933842597329353,0.1850310266907415,0.2787627883104457,1.6193628311157229
LinearDML,57,1.827802925239767,2.147165086077208,0.1479840464526498,0.2113063467899349,1.5650062561035156
LinearDML,58,0.9054099599349328,0.8981891165467937,0.0097338255085066,0.0990631944431292,1.532240867614746
LinearDML,59,5.247745656655681,4.864767291337222,0.3830922975274515,0.0789237513156804,1.136976718902588
LinearDML,60,0.7250755543876198,0.754096930511386,0.0483023778439708,0.0506626826588858,1.1108736991882324
LinearDML,61,1.2631394793211164,1.7026912535929484,0.0373053450411773,0.5858658821142115,1.138758420944214
LinearDML,62,1.5738716722563706,1.7099093041861446,0.0431626811566685,0.2270672595146905,1.1271309852600098
LinearDML,63,1.165534760025961,1.3820624939519537,0.3292478094489728,0.3164386801730412,1.1456599235534668
LinearDML,64,2.675750891029368,3.1104348267696467,0.0511879982895902,0.3415489380898533,1.1246938705444336
LinearDML,65,0.9874753200984904,1.257710632637434,0.0414826043016898,0.3024753477137607,1.1377363204956057
LinearDML,66,0.707335991890124,0.6242531899659073,0.0100616902586017,0.0781051239255368,1.1486148834228516
LinearDML,67,8.549168518960913,9.116739363127332,0.2768819326238585,1.2516704410746238,1.4819486141204834
LinearDML,68,0.7165706433994918,0.8001537927085681,0.0409726177074336,0.2108762228310068,1.5874135494232178
LinearDML,69,0.5695015471797565,0.5264261176907312,0.0512628499837268,0.0187939920126813,1.6163527965545654
LinearDML,70,4.52982139335972,4.18373552397751,1.0574688312090013,0.0468775568603643,1.1193654537200928
LinearDML,71,0.4946378302435739,0.4948964223344335,0.0186399175094105,0.0278242958774646,1.1565978527069092
LinearDML,72,0.9882984515436056,1.0652277814017412,0.2268345098079227,0.2560676931774832,1.1413311958312988
LinearDML,73,0.7634565977232924,0.7890590155068966,0.0685765364548753,0.1020729823881181,1.139021635055542
LinearDML,74,0.6599510585901408,0.7791522191019105,0.0655562811309868,0.1424814811317403,1.136789321899414
LinearDML,75,2.796555488623808,2.759250970733824,0.1300140838565662,0.1680182756837531,1.12023663520813
LinearDML,76,0.9859576174440834,0.964607449257906,0.0891313009218812,0.0803054319806344,1.1486482620239258
LinearDML,77,0.6269694987965947,0.6681477586603262,0.1482127889830629,0.0791584061026258,1.134793758392334
LinearDML,78,0.7338817027380932,0.7503470616691931,0.077044233801911,0.1654745545901956,1.3886003494262695
LinearDML,79,0.6424691019141848,0.5368613249378128,0.1178822706869016,0.0338775626998111,1.5905039310455322
LinearDML,80,11.702088609705608,11.323190125672223,2.3784992771125406,1.5304856113213925,1.623194932937622
LinearDML,81,5.463686169656431,5.520431204252968,0.5385829450091153,0.2279534897952029,1.1295444965362549
LinearDML,82,3.1611244755715218,3.466518233561557,1.1661821153366527,1.1155182892443811,1.1270427703857422
LinearDML,83,7.16393026018319,7.422310648313149,0.3142108707043638,0.0388342675006848,1.1328341960906982
LinearDML,84,12.11577516881431,10.291003816734216,0.0079351246839143,0.627434206203747,1.104487657546997
LinearDML,85,8.088175840911147,8.775369248437134,0.557847627954458,1.077665055062757,1.132859230041504
LinearDML,86,1.4787110571146034,1.6446541732177045,0.2956489934561039,0.2674244210186378,1.1431140899658203
LinearDML,87,0.7262245020617623,0.7802207219846682,0.1649271962563445,0.0116656859724204,1.1667358875274658
LinearDML,88,1.6087509526149966,1.4694173434654942,0.222270956527288,0.0256456141250307,1.1610760688781738
LinearDML,89,0.8315292312154122,0.7004170168346687,0.1883126609772567,0.2724756578726843,1.44810152053833
LinearDML,90,0.7672356377585128,0.7801682230437569,0.2887231229124296,0.2816524866860299,1.5773518085479736
LinearDML,91,1.887778407527964,1.7779742050008949,0.1419889838468901,0.325363963855755,1.6771245002746582
LinearDML,92,8.08252399792946,7.244373306949178,1.421908950546273,0.5142360505146772,1.1431186199188232
LinearDML,93,0.7979948481272712,0.7765963745686171,0.0014251285767912,0.1943472557911123,1.1710686683654783
LinearDML,94,0.8833753537142218,0.984531220262641,0.0309414734465138,0.1056612683691038,1.13335919380188
LinearDML,95,1.2333302100340684,1.4670417268786022,0.0627084260615022,0.46832725868836,1.1191961765289309
LinearDML,96,1.3865392092069186,1.4971052586648474,0.1090737199900804,0.0050135916700551,1.1182548999786377
LinearDML,97,7.241241438946263,8.541175578699638,0.5033284387256272,0.2124732820971795,1.120365858078003
LinearDML,98,1.821339262897637,1.6726219161507474,0.0942565947461115,0.210923691303166,1.1153621673583984
LinearDML,99,1.0198193883837978,1.0062201622642173,0.2504493104306395,0.1136119108355022,1.1332314014434814
T-learner,0,0.5801245188811901,0.4201606679348748,0.07518806358552377,0.011766120801352642,2.8492376804351807
CausalForestDML,0,0.5032972288553796,0.5146431847754712,0.017416707122388075,0.04751977833283583,4.602041482925415
TARNet,0,0.3207671987203102,0.3808614131843272,0.0937727304101772,0.09544568490458882,3.2561850547790527
DragonNet,0,0.48665745749456607,0.5621060704743042,0.07484571021787456,0.04272956419514262,4.434602499008179
T-learner,1,0.5497441197729348,0.36485510860541137,0.032866290554012245,0.0252893478946703,2.3224456310272217
CausalForestDML,1,0.5522332190956831,0.5079688958410346,0.11139420022718971,0.20786271700024805,3.6373140811920166
TARNet,1,0.3131269562108502,0.31179638836877865,0.05293437786901567,0.08325904892838665,2.828568458557129
DragonNet,1,0.417657626100198,0.3936557976019198,0.03140381030237105,0.03846448944962688,2.153428316116333
T-learner,2,0.5406704843762958,0.6882220039023575,0.05643206275595958,0.03531730225653984,1.3291375637054443
CausalForestDML,2,0.5276694348684695,0.7935726766116497,0.06539949152072477,0.05366685731174403,2.326085090637207
TARNet,2,0.49227137432631873,0.6481161376790954,0.27570028416479175,0.309253660229972,3.3259541988372803
DragonNet,2,0.30564027091744383,0.5393674604772094,0.10619182698095386,0.11103316882067027,2.2248435020446777
T-learner,3,0.7427455882252104,0.96590879126519,0.044476467758435057,0.14898108538409982,0.8000099658966064
CausalForestDML,3,1.1994881747163895,1.342522009385697,0.26203067169896865,0.05831740171927713,1.7554810047149658
TARNet,3,0.3972092197014274,0.4210816488170941,0.15791836289007044,0.09428690340214718,2.2465195655822754
DragonNet,3,0.4091746241729989,0.4275621006488482,0.21976366547185755,0.14972995187932003,4.238757371902466
T-learner,4,1.0731756013221552,1.5137058836295376,0.07883179016397612,0.17418211190447686,1.1958720684051514
CausalForestDML,4,1.8925567269566126,1.8747137031461985,0.22209654540543822,0.17790248558403654,2.1316957473754883
TARNet,4,0.41546264929894433,0.36511015629100735,0.02872385915806941,0.06148934594230138,1.6773121356964111
DragonNet,4,0.4889569589238893,0.47699371488197573,0.06268610891392878,0.048987624730306045,2.0168519020080566
T-learner,5,0.5467560571115034,0.4951682871778643,0.07038453336938488,0.07844541416637574,0.7740542888641357
CausalForestDML,5,0.5211747020809087,0.6017246096601957,0.013841398635118907,0.07541639417734247,1.7006220817565918
TARNet,5,0.44453166421584217,0.46894451699688255,0.01829956867801208,0.0910028157688445,1.9572248458862305
DragonNet,5,0.5153168998335262,0.5773417898824132,0.1624205221880768,0.323223942325241,3.145081043243408
T-learner,6,0.5612768177649105,0.4273488332948218,0.23445396511623828,0.15050689974047593,1.2642288208007812
CausalForestDML,6,0.400519056212386,0.3684291066383696,0.30856833222598556,0.29108223549741297,1.749476432800293
TARNet,6,0.5036738699089975,0.4948135032360326,0.43586551492574355,0.43485146344359293,1.020538091659546
DragonNet,6,0.3887129487551182,0.4005912262112547,0.3020425969875111,0.3057699757879533,1.398742437362671
T-learner,7,0.6376222135380334,0.9251961071714613,0.0924050289503886,0.06829381106607935,0.7472543716430664
CausalForestDML,7,0.7711698228330994,1.1003064767383677,0.13913073927498454,0.10797690734953669,1.6752204895019531
TARNet,7,0.3609043587733725,0.47357159829759643,0.057800131765339824,0.02812337104934537,3.4207966327667236
DragonNet,7,0.3589991311415778,0.5171252805736986,0.13504131409261033,0.05361629302841342,3.687082052230835
T-learner,8,8.74012209183913,21.684226540136727,0.17369286399972594,2.3332497247357775,0.7620148658752441
CausalForestDML,8,14.208155216025801,25.47115414865466,2.691603573821845,2.029087899434405,1.6940078735351562
TARNet,8,2.571875522310333,11.258812515974382,0.12571107693478645,1.517610696999606,3.7018625736236572
DragonNet,8,2.858926388354136,11.584696158877328,0.6291557485656458,1.128201631753024,5.099964141845703
T-learner,9,2.7084943998743682,3.6958845548973183,0.24519330273706696,0.027970708214882123,1.2294948101043701
CausalForestDML,9,4.767777216915048,4.967482254828787,0.3554708244487932,0.9864822489408134,2.0320587158203125
TARNet,9,1.422569978384517,1.2913646282202986,0.04451709348456845,0.03405153241072778,2.532475471496582
DragonNet,9,1.360637326599884,1.2243654697302577,0.34135966855781064,0.2794851115712058,5.281263113021851
T-learner,10,0.7302673207827627,0.6434875805724539,0.07572838030109086,0.01447698287806709,0.760434627532959
CausalForestDML,10,1.2083923538484211,0.8872838931883178,0.048726813802956404,0.30963033097812875,2.487459421157837
TARNet,10,0.43406607641904693,0.403543710176876,0.027986298973651902,0.02430281187097183,3.140223264694214
DragonNet,10,0.5272380211339504,0.4849894545528052,0.018635977332500442,0.08989033247033706,4.06348991394043
T-learner,11,1.2887471934107324,1.347412246149919,0.03755459023341867,0.1047302262574874,0.7576971054077148
CausalForestDML,11,2.7841020205300735,2.280846940195001,0.4160004112268645,0.743822297168713,1.703977346420288
TARNet,11,0.6105929356282659,0.5007479769824463,0.07851340010291086,0.005509083717730512,3.1467416286468506
DragonNet,11,0.7328238743814401,0.6458528432840588,0.06880877778405203,0.13291472718086528,2.6672568321228027
T-learner,12,16.228482277297868,20.196301337101268,0.6895721050180832,3.4164757169342597,0.7586407661437988
CausalForestDML,12,25.81510902547405,25.997079304001595,2.7780377345907894,0.9015358165357306,1.7128252983093262
TARNet,12,4.360079224316471,2.5843488123723497,0.051948530583795005,0.2051005688681986,13.778379440307617
DragonNet,12,4.9664634105286085,3.3563679584335366,0.5834922958322206,0.7059073773398783,4.885601758956909
T-learner,13,0.5507609284990664,0.4449859061637816,0.022350265599752728,0.04381040915773404,0.7703635692596436
CausalForestDML,13,0.3568038972372707,0.34022816030659003,0.07075748843514118,0.05825828295968316,1.9786293506622314
TARNet,13,0.48772152556857956,0.46069283317168264,0.1673597079260145,0.09669890266954617,1.5437710285186768
DragonNet,13,0.4567232926540423,0.46361316057227253,0.030989049051502793,0.02374038833082004,1.8528707027435303
T-learner,14,1.159108241401701,1.4804466326608208,0.1992583802631409,0.2854612416794886,0.7725217342376709
CausalForestDML,14,1.6632657505643227,1.7498421169855367,0.4237499581069897,0.43042212790684964,1.7277336120605469
TARNet,14,0.5419473044918613,0.5838768540089446,0.02041664626494688,0.06637890791189349,1.7822353839874268
DragonNet,14,0.5895024680758515,0.6646069121863097,0.17658963706389708,0.20666487669241107,2.901547908782959
T-learner,15,0.6676874854977144,0.6524184785869226,0.19033959689136548,0.17968783362475627,0.7584328651428223
CausalForestDML,15,0.9615118763613366,0.879181442945249,0.2011400106562773,0.14894091832316114,1.957542896270752
TARNet,15,0.3519689684586567,0.36994964469813774,0.04521564521476229,0.03280157703613629,2.4555296897888184
DragonNet,15,0.3638968328494725,0.3878747063194627,0.12614301719352206,0.10938925403808941,3.4961156845092773
T-learner,16,1.5772922598030226,1.5222796564756973,0.09491628039899602,0.024615468643990113,0.784196138381958
CausalForestDML,16,2.9590198983631804,2.212300837891986,0.13770338111682046,0.1355204392052083,1.7191073894500732
TARNet,16,0.7379416706398577,0.8226979653235171,0.14447421918498682,0.27422137244273337,1.751295804977417
DragonNet,16,0.7947394333459743,0.8172898113804398,0.14205546270000147,0.25302071555186423,2.048692226409912
T-learner,17,0.9276774909861334,1.2173072585129006,0.12138544411519092,0.02040021059009689,0.907034158706665
CausalForestDML,17,1.5135323895203918,1.4316397438064148,0.06317601641569714,0.03765745417887212,2.4877138137817383
TARNet,17,0.554788922564008,0.5856010583168634,0.18444804026718975,0.18202040655389595,4.553194046020508
DragonNet,17,0.5816649776057891,0.6471764463176017,0.25538686587448955,0.2726609514452534,3.7222352027893066
T-learner,18,1.0815258974160336,1.4396210698223175,0.01369621613049743,0.0873370339199151,0.763739824295044
CausalForestDML,18,1.8715370984890483,1.9828157646875844,0.026287507819741318,0.15991298469213477,1.747507095336914
TARNet,18,0.5933497887390392,0.46853265871639366,0.04046236413554727,0.05929241820621067,4.55628776550293
DragonNet,18,0.6315343665523364,0.49443842487924256,0.08031402963237344,0.08557830497073704,5.031342267990112
T-learner,19,0.6618372592419031,0.7697706139574485,0.03156663907441004,0.10858400007286573,0.7607665061950684
CausalForestDML,19,0.7463317030290254,0.9399609882063047,0.26645888118219574,0.20006764878712247,1.6922085285186768
TARNet,19,0.4147004947166784,0.486284370150583,0.04278000199801557,0.04739509342951109,3.5329577922821045
DragonNet,19,0.4307335579810157,0.5524577345385736,0.08509977662570112,0.05317463160711,3.1939005851745605
T-learner,20,2.8344515337631893,3.832419479785776,0.29297606338898863,1.2711115333328826,0.7545831203460693
CausalForestDML,20,5.845025735715208,4.467676344215565,0.7352701863484601,2.2293394236574726,1.667283296585083
TARNet,20,0.9483100328350205,0.706621430914434,0.32405856800033295,0.28873249784002386,4.375452518463135
DragonNet,20,1.1674906426470073,0.9797530751290078,0.32719973277999603,0.32106539502630316,6.9420366287231445
T-learner,21,0.5615997838950324,0.5237641262547689,0.02815693648283446,0.031301197173572604,0.7414166927337646
CausalForestDML,21,0.6309166488201433,0.5861957296238923,0.06177578662606642,0.10774794689186562,1.6865451335906982
TARNet,21,0.6038508652024505,0.545698235233963,0.10948054996840373,0.1505499150172973,1.2146828174591064
DragonNet,21,0.5701314100598452,0.5334108858601792,0.14724462238661662,0.17168905991475825,1.4348986148834229
T-learner,22,1.2431424587213806,1.1375449441300156,0.11823450175000083,0.08854377749183229,0.7826974391937256
CausalForestDML,22,2.186812175797156,1.762751733192302,0.33190068765827574,0.5927298983279385,1.7434892654418945
TARNet,22,0.5609490429122741,0.5415735311278448,0.009449386303385765,0.04052095668104805,2.8082401752471924
DragonNet,22,0.5954161417703161,0.6177511814405164,0.049890613849202126,0.08563881175306953,3.850527048110962
T-learner,23,1.9578711380735387,3.3255896714110484,0.05950408892288861,0.676502187622305,0.7716193199157715
CausalForestDML,23,3.54744043910062,4.926199594533083,0.03897633890709917,1.0362492135881847,1.7520778179168701
TARNet,23,0.8699848232108259,1.0785743097419178,0.06604230722427129,0.17783420662518745,3.8395166397094727
DragonNet,23,1.2466683404667764,1.4815218199797522,0.3764966758155799,0.4937863884412885,2.2658731937408447
T-learner,24,0.8280722545692158,2.247431929966798,0.15662929223142008,0.5502378043484164,1.2025055885314941
CausalForestDML,24,1.5516245586068398,2.8788931011808514,0.24461011523861842,0.18791861649881714,2.4560885429382324
TARNet,24,0.5856405544927341,1.1814772508146698,0.14344658415793798,0.27287839577426265,1.9508800506591797
DragonNet,24,0.7788699355398389,1.4217233696266796,0.16541780989646337,0.34871791527499507,1.8195717334747314
T-learner,25,4.746683634142682,8.420144759410674,0.05622923818938297,0.37162458783282704,0.7477974891662598
CausalForestDML,25,9.33157047099701,10.025090627879921,1.9165491112798598,1.1280507630275542,1.7157742977142334
TARNet,25,1.5749030855999597,1.230770759798496,0.3725910955004057,0.27347893910811294,2.611168622970581
DragonNet,25,1.708119173830859,1.484851876179868,0.34823934502083453,0.6185282926042284,3.559454917907715
T-learner,26,0.6739636727394832,0.7570832470693878,0.12902252921413382,0.15457309262899344,1.1416668891906738
CausalForestDML,26,1.1384693842437064,0.986288106644564,0.2157515278437847,0.0595497300134431,1.6989188194274902
TARNet,26,0.3922797658696306,0.3605712514362299,0.07598872717485428,0.08992994216655426,2.319333791732788
DragonNet,26,0.43538975304226757,0.3891718583638079,0.09365006025896072,0.07773483184550933,3.0195810794830322
T-learner,27,15.293443980157582,28.82652835408915,0.43654901545587954,6.554862020305799,0.7422306537628174
CausalForestDML,27,26.418925006809257,36.34089248269244,4.6529475433632355,2.129339210876144,1.9156320095062256
TARNet,27,5.276272367351095,10.012939718165383,0.397840028731288,0.436797674064204,7.319758892059326
DragonNet,27,5.5908672660572085,11.016529267340148,0.10027456852620986,0.6362610154493301,5.480924844741821
T-learner,28,0.8918640634911659,0.8630568477365843,0.05435487208921774,0.10460279354207014,0.8447644710540771
CausalForestDML,28,1.5805404503347498,1.2959447366076267,0.1061911943389724,0.30292004305066333,2.432002305984497
TARNet,28,0.5865257049151327,0.5744482556016149,0.12597583294251935,0.12566410678684647,5.082618474960327
DragonNet,28,0.5985200167185478,0.5801608911542775,0.09532688618043439,0.10479008334934647,3.1036875247955322
T-learner,29,1.1139647946610738,1.1839502873055003,0.04587940673471369,0.23981129809759683,0.7587077617645264
CausalForestDML,29,1.8294333485499432,1.5084108454596175,0.2807088363424137,0.7558077507661833,1.677243947982788
TARNet,29,0.5007447288354125,0.402142568047663,0.10098492322226083,0.1266878149185171,3.7706332206726074
DragonNet,29,0.5445284829976923,0.46088026256542985,0.1399973553206495,0.11106424542999171,2.4279160499572754
T-learner,30,0.9588568699234704,2.0977170242648433,0.06291064075379715,0.42507887595152827,0.7731053829193115
CausalForestDML,30,1.6333580082900605,2.471714295946586,0.35252456857907877,0.021329944639686182,1.706439733505249
TARNet,30,0.43206018610680114,0.7618986985721696,0.0033564006939501567,0.07229345862067404,3.845798969268799
DragonNet,30,0.45829376586995774,0.8388407801773758,0.08123355749696781,0.028703389803535373,6.319720983505249
T-learner,31,0.5211107227602014,0.49710072749468115,0.017481131318310084,0.05799580170883134,0.7742130756378174
CausalForestDML,31,0.5229893565679161,0.5285831849538157,0.027294521231842506,0.05394461366980785,1.6962916851043701
TARNet,31,0.3370474671362528,0.3658943656564355,0.1083314445983179,0.11765556982140524,1.5364112854003906
DragonNet,31,0.44380839882444545,0.4767072152100388,0.11559772219550535,0.08281440088171976,2.417820692062378
T-learner,32,1.1272701902932378,1.1140733128060334,0.14151656991923645,0.13187720568724082,0.7504310607910156
CausalForestDML,32,1.9125866706304209,1.5568368509689336,0.07156215464558624,0.5024538559745446,1.7703227996826172
TARNet,32,0.49135815882010064,0.4164969883730235,0.05041483521970491,0.14988848951040623,5.192509651184082
DragonNet,32,0.5948096832543183,0.5251832692440659,0.09454175352541228,0.007156822945464825,3.710447311401367
T-learner,33,14.036070854822109,17.816648232698842,0.48363994068502514,0.244578744136291,0.7595729827880859
CausalForestDML,33,22.635853811009028,23.432749684741403,2.9096042116253895,3.308826474171379,1.7017407417297363
TARNet,33,4.332852896624877,5.187640904997283,0.42042781862362855,0.6302033272098901,3.9183638095855713
DragonNet,33,4.343927994343722,5.506263611891583,0.04899456056698792,0.19962080386394288,5.99021577835083
T-learner,34,2.0767934372801973,3.202577158864639,0.06159651962980206,0.2587424113389787,0.7576684951782227
CausalForestDML,34,4.0050317697269255,3.982712374521511,0.20975110045487888,0.7422444315418288,1.6898105144500732
TARNet,34,0.8458762645584493,0.7851136746538872,0.12007146990350481,0.20792275454744447,1.6782193183898926
DragonNet,34,0.8634337479230163,0.8356787321133263,0.3779597870116591,0.42061096217378724,4.80452823638916
T-learner,35,1.6127756175969978,1.6586583548539477,0.06296445469754275,0.23938239326649313,1.1833510398864746
CausalForestDML,35,2.7231995289824313,2.495169633534884,0.23328960154817313,0.4664451239798675,1.7078962326049805
TARNet,35,0.6552939312780006,0.6418618809443704,0.17608486544554847,0.2766784788475203,2.34476637840271
DragonNet,35,0.6942081762181174,0.6073902467522431,0.03459202181761878,0.1254190565452742,2.2936317920684814
T-learner,36,2.8468933262893223,3.9262996088408233,0.10166212095528993,0.8741667802602744,0.7528331279754639
CausalForestDML,36,5.443707988024156,6.1036589133609125,0.5207944129571302,0.6534922328442336,1.6937875747680664
TARNet,36,1.0404952909842036,1.0885565507523556,0.29843638975235454,0.2608728419838098,5.053198337554932
DragonNet,36,1.1199393620762108,1.2313907068663597,0.16819428045364848,0.08387613406755001,3.5694241523742676
T-learner,37,1.035662560650903,1.3098461864357047,0.1074758832064413,0.23975315931088348,0.7730157375335693
CausalForestDML,37,1.4733449315447542,1.5658767840829215,0.11461098721099106,0.3504116328647773,1.7292375564575195
TARNet,37,0.5393035119091568,0.49396882999538294,0.06995514630089605,0.02410456471256639,2.228426933288574
DragonNet,37,0.6313353200463319,0.6362340359734562,0.13034459353675043,0.2467031174164238,4.7518393993377686
T-learner,38,2.5543503775652447,3.1484057363560103,0.09694480152538354,0.1601659588343587,0.7660567760467529
CausalForestDML,38,4.523609517703935,4.509197772960582,1.0949512496245353,1.6718258477584609,1.7236900329589844
TARNet,38,1.025134959003736,1.402985400143989,0.06940332709844377,0.09734775118419314,2.558802843093872
DragonNet,38,1.3290449463421248,1.538894807639517,0.5467416411548403,0.17279098935535764,3.072099208831787
T-learner,39,1.4748438014792822,1.826840444028694,0.059145199712899554,0.2612402961381308,0.7558515071868896
CausalForestDML,39,2.513011442226548,2.5861924212024743,0.49179439204894404,0.9742497751859611,2.3441717624664307
TARNet,39,0.7422332910633836,0.5042524338225688,0.13417786757139716,0.046066228214487026,4.469883680343628
DragonNet,39,0.8522648652018193,0.5800433796920723,0.15327567259459052,0.04856199390052218,3.794959545135498
T-learner,40,0.5870999039826428,0.6567090085352405,0.050679891892772666,0.13149128512368202,0.7666141986846924
CausalForestDML,40,0.7530977420235246,1.0135353600844192,0.1337874430925554,0.12773533853482233,1.7128112316131592
TARNet,40,0.26216043983847814,0.3457031372218139,0.1054810610869863,0.0892834886099414,3.158515453338623
DragonNet,40,0.49486960798965013,0.6511948874262988,0.12970724974665426,0.031400464394243155,1.4045004844665527
T-learner,41,0.5838038772607932,0.5194856196185065,0.0570123450275144,0.1125818494562223,0.9796142578125
CausalForestDML,41,0.4835488664351836,0.47819453818496244,0.030340291750125203,0.009037894121841195,1.714604139328003
TARNet,41,0.43107418995345503,0.43647844719292045,0.24996461481423804,0.25890399247579143,1.0640430450439453
DragonNet,41,0.48234386817110175,0.45397214466643726,0.10829772562356421,0.05447365075521038,1.4121389389038086
T-learner,42,0.8545073533035157,0.731407887705504,0.12343730955601284,0.03915799617415061,0.745265007019043
CausalForestDML,42,1.3497803900535854,1.1577589876195862,0.26737848445137047,0.5429370171748431,1.6823005676269531
TARNet,42,0.44261107203329175,0.37080334402620857,0.18768963441674913,0.2537148424521005,1.2250933647155762
DragonNet,42,0.3742088951782273,0.28257767089120694,0.01017871275121962,0.08382396186738372,2.4769060611724854
T-learner,43,0.7851633320675079,0.7892175726771019,0.15789791081855897,0.18122667259517966,1.225531816482544
CausalForestDML,43,1.1678900396574516,1.0115190732385795,0.06646389345821602,0.0022577258014484514,2.017807960510254
TARNet,43,0.3512852430135457,0.36216537440440144,0.06606639650276147,0.07750007818517801,1.9095640182495117
DragonNet,43,0.3999924240850455,0.38940905105323886,0.03675328466484107,0.03421571542444113,2.307978868484497
T-learner,44,1.316245607277931,1.2788608640852612,0.030365682588880283,0.051718346813267146,0.7512471675872803
CausalForestDML,44,2.7464349465634466,2.1912926067322758,0.27236561009522964,0.24611668365067718,1.7086050510406494
TARNet,44,0.6673843482266423,0.8318834573084776,0.24000104503094466,0.3124590420962572,4.01875376701355
DragonNet,44,0.7735750122976598,0.851263915499614,0.510411105913513,0.5300739312411546,3.6958272457122803
T-learner,45,1.1031069778100269,1.0477794728425267,0.14984016275051548,0.052905360111873634,0.7437446117401123
CausalForestDML,45,2.373808000691134,2.527858458189114,0.7012223837695917,1.395464485922616,1.6569976806640625
TARNet,45,0.6022555946476311,0.548116908094853,0.061493671427006014,0.08359282118027878,1.4452440738677979
DragonNet,45,0.6801213805116937,0.5913796510170438,0.06100913237548422,0.058703016222064974,1.4003827571868896
T-learner,46,1.4981873710549292,1.759941835123033,0.024805646039493645,0.147813944282845,0.7585513591766357
CausalForestDML,46,2.897868653511888,3.2305174139660724,0.4624644055818319,0.26612926719887664,1.7893507480621338
TARNet,46,0.7825700864099839,1.0724198979067938,0.17139092564821024,0.07464605877171682,2.472489356994629
DragonNet,46,0.7790404638098735,0.9596208576536237,0.10150662541627664,0.026144918706310527,3.07051944732666
T-learner,47,0.6011311301046348,0.6277574303408003,0.048864451282851995,0.044085588609082293,0.7646312713623047
CausalForestDML,47,0.914968907115777,0.8452849019324925,0.07303858497187798,0.038593416526349955,1.7080295085906982
TARNet,47,0.40929517400312465,0.37093291043006504,0.17287928684646925,0.1823471458613568,2.495239496231079
DragonNet,47,0.5261922837618789,0.4920151594153742,0.12548940555160204,0.14481464307907288,3.5361881256103516
T-learner,48,1.3662227572166534,1.4110564553583684,0.04624679040147228,0.25509634305921924,1.2255866527557373
CausalForestDML,48,2.5686804285585634,2.7260748347541073,0.22269187344319707,0.3642288493426804,2.330925226211548
TARNet,48,0.4881205825869767,0.3990571669546355,0.03236288088950534,0.0520453579782334,2.5256805419921875
DragonNet,48,0.5488153580721972,0.475025891891262,0.20306343096885104,0.19365121201265723,2.6202306747436523
T-learner,49,0.8822503027590882,0.9865919220264745,0.06295484480553526,0.18412682877591546,0.7435121536254883
CausalForestDML,49,1.5085635012099559,1.5724251347078864,0.011188958348397726,0.021720987694480165,1.6764018535614014
TARNet,49,0.49141365594456266,0.505739572458892,0.07465354240846445,0.11704770841688461,3.5071780681610107
DragonNet,49,0.581784999108332,0.6146879404005008,0.0010322693676929617,0.033698957348769376,3.7372324466705322
T-learner,50,0.6129926707828994,0.5184669421368131,0.1638685182462165,0.12288835223927386,0.7615506649017334
CausalForestDML,50,1.1441411900769969,1.1137254841934423,0.033406553263663596,0.11611633648995756,1.730224847793579
TARNet,50,0.45963837704824206,0.4356748464627858,0.17538553419897696,0.1484707864952135,1.4818239212036133
DragonNet,50,0.41430629621343007,0.40760037442954933,0.06852918806860586,0.03071203557968616,2.2863481044769287
T-learner,51,1.2071758152287189,1.5299001320127712,0.18029165784089152,0.6435732464119974,0.7626960277557373
CausalForestDML,51,2.096559475845483,2.2619238531800403,0.5833510145109968,1.0376674407879385,2.2168803215026855
TARNet,51,0.5921439230352931,0.600843191884608,0.26160561879880984,0.2928273185201995,2.484312057495117
DragonNet,51,0.5715870880580771,0.5835696871214617,0.17984616597898562,0.19789523920501395,2.627873420715332
T-learner,52,4.321633896144263,4.919245327656693,0.411757690851279,0.20273593637887277,0.7486040592193604
CausalForestDML,52,7.437212149209355,6.3556765506946205,0.09262885699527601,0.4048393005910791,1.6501352787017822
TARNet,52,1.5462091745268405,1.3339916398943106,0.11073705015386714,0.0049894697378132236,5.22102427482605
DragonNet,52,1.7097644068423925,1.5646927986113828,0.22906140031610356,0.3095024473379109,9.513956546783447
T-learner,53,2.5053032911063076,2.802187498385918,0.19246881892492507,0.01765871832615762,0.7508659362792969
CausalForestDML,53,4.652915164547625,4.096402236635556,0.1161929949102829,0.2880614100268959,1.6769542694091797
TARNet,53,1.0456940991679888,0.8910710310246759,0.23152781595623928,0.20008468717337724,3.938241958618164
DragonNet,53,1.2071596858719118,1.047478631428184,0.31540156473553616,0.2958731660246956,3.7278029918670654
T-learner,54,0.6842431771241837,0.7527464462110958,0.171432525824744,0.10221599538611592,0.7558529376983643
CausalForestDML,54,0.7959773374322351,1.0652706952884325,0.08481555065164059,0.2325680985158951,1.6707611083984375
TARNet,54,0.3863422351176885,0.4088311766769012,0.05704491263641476,0.050408655494098564,1.3360795974731445
DragonNet,54,0.43359740346478953,0.45542543957773246,0.09797150963531376,0.10413283696805964,1.8226191997528076
T-learner,55,0.4660311332455357,0.35766354731923455,0.09551594627955806,0.10779257194802971,0.774594783782959
CausalForestDML,55,0.2204820507581531,0.1912428256923533,0.09507354669315715,0.09581124652131745,2.307710647583008
TARNet,55,0.24559912197504383,0.2685163025441208,0.17521532162654196,0.1960785216313301,2.3924033641815186
DragonNet,55,0.21928984042840366,0.21865063670947077,0.12866194828974997,0.12158725919541702,3.9253439903259277
T-learner,56,0.5619845345054537,0.4665228855529745,0.10846490665010311,0.12332020614157724,0.7787942886352539
CausalForestDML,56,0.3404191827887381,0.2971490598113685,0.060718904474827085,0.055612926212204705,1.7176918983459473
TARNet,56,0.3038642671102747,0.3277130594755929,0.1393124993836894,0.13762494640561318,0.7324478626251221
DragonNet,56,0.3010937523685536,0.31648362342110026,0.0842149194276347,0.08085652904721474,0.8996009826660156
T-learner,57,0.9294997807892679,1.1813424077135328,0.09979980339826344,0.18204083803414406,0.7431967258453369
CausalForestDML,57,2.0973434642722717,1.9910015685344993,0.5400602735741913,0.6966016729019797,2.3457465171813965
TARNet,57,0.47458700972045514,0.40044756341610604,0.291520885104652,0.3144290580507514,2.772639513015747
DragonNet,57,0.5221950977665164,0.37347303861757813,0.3004472767062145,0.27290607831442326,1.8009257316589355
T-learner,58,0.5889201511990482,0.6185602845850411,0.04108120882055921,0.020192897080842265,0.7692182064056396
CausalForestDML,58,0.7977272363487191,0.73354082940354,0.1793946756706859,0.11953622482626436,1.6950623989105225
TARNet,58,0.3992638623970307,0.3847524209078849,0.09273853147324118,0.08903541590854314,1.9117705821990967
DragonNet,58,0.3222523871028227,0.3073608132005661,0.08061685407455954,0.0730089190213361,3.2583415508270264
T-learner,59,3.813190521213072,3.8825151880947035,0.10397033084913465,0.6752974569389321,1.2882161140441895
CausalForestDML,59,7.333587099085146,5.759603127462356,0.994859848505627,1.2138058793707502,2.3969054222106934
TARNet,59,1.2939850197587512,1.2809451784988959,0.04509352112366605,0.23748863515874064,3.1873977184295654
DragonNet,59,1.4608242811246346,1.3380089073801755,0.006780370717782258,0.30903662023564493,3.032163381576538
T-learner,60,0.5386317312279867,0.4680882329994411,0.036121826053586936,0.14820213245923863,0.8431525230407715
CausalForestDML,60,0.5810198045246159,0.6564132015946563,0.034740073567187224,0.01968967502707475,1.6809320449829102
TARNet,60,0.43729766362255845,0.43009611493617445,0.04347088686248668,0.09192339813103878,4.0585150718688965
DragonNet,60,0.4262666385779731,0.41444295850244994,0.050757380807191055,0.026850062257144813,2.9122869968414307
T-learner,61,0.8631042968436411,0.9664830163853861,0.105611527750479,0.05097473203310532,0.7540059089660645
CausalForestDML,61,1.3114589304775868,1.1909022185862357,0.12479674118308948,0.09341769119555776,1.6648194789886475
TARNet,61,0.4045718118100857,0.26872445558530184,0.11023689187315222,0.08385821649783942,2.8529016971588135
DragonNet,61,0.4324536314855411,0.3147893400165928,0.07322668158265833,0.11473325422054437,3.8855388164520264
T-learner,62,0.9881084273913653,1.457926846638349,0.076463536547557,0.1655309717975877,1.2322208881378174
CausalForestDML,62,1.820128475759854,2.1727067697755,0.475222655100362,0.37791548095530736,1.9372422695159912
TARNet,62,0.5004451334748047,0.7220574940195126,0.0019243934381334427,0.03887717566766469,2.377011775970459
DragonNet,62,0.6271471400811247,0.800899857149557,0.08928168032285289,0.07805459342279164,2.9536752700805664
T-learner,63,0.8023700813739634,1.2610656313843032,0.1013198152794903,0.18798138698327183,0.7813866138458252
CausalForestDML,63,1.4718268673542612,2.0398209416258037,0.2738913335231721,0.5377199643287023,1.7352828979492188
TARNet,63,0.42897112388389563,0.5669358497408373,0.05081856723707556,0.06291206144612582,2.7008774280548096
DragonNet,63,0.4916877463662145,0.6510009925394515,0.19793212886732459,0.21680457853596957,2.6735029220581055
T-learner,64,1.388960429338152,2.396192138497413,0.023830018826195065,0.2630775628523834,0.7636070251464844
CausalForestDML,64,2.4960434483983733,3.621857305376986,0.24021889659171558,0.03362249977245657,1.698488712310791
TARNet,64,0.7643705635355091,1.2850984615430077,0.19317310140698218,0.10964614984663879,2.849491834640503
DragonNet,64,0.8809155594300454,1.198145068105094,0.2665864734467771,0.0824421131339923,5.312328338623047
T-learner,65,0.6696718045276575,1.3002422635522213,0.07030704298065071,0.34317877474748615,1.19740629196167
CausalForestDML,65,0.9679559220610914,1.5928911881429082,0.165784280530632,0.12149837391964224,1.9675400257110596
TARNet,65,0.3646199613580952,0.7019074510426235,0.07478790241340683,0.05117349224154255,2.208914041519165
DragonNet,65,0.3199158252811454,0.7506875350578016,0.09374828380485489,0.24582438068453571,2.2710397243499756
T-learner,66,0.5446126847069448,0.5065988243035263,0.021044149032927173,0.02619723972137855,0.7424371242523193
CausalForestDML,66,0.583264982964238,0.6251777977968419,0.07152772577395838,0.009387779546387698,1.717726230621338
TARNet,66,0.35380094649632227,0.32764371899664096,0.2125781798959343,0.2010593428441143,1.811192512512207
DragonNet,66,0.3799932747154338,0.3866426933120464,0.08211385959381179,0.03954577304638862,2.473440408706665
T-learner,67,7.8177948168383775,8.811080179781957,0.004723619259955569,0.8133742354042424,1.2328121662139893
CausalForestDML,67,14.79445112107854,15.155146275822128,3.7918995743411843,1.9813013259850454,1.6439495086669922
TARNet,67,2.324013562593392,2.3102936914825523,0.11063176838567657,0.42130320544525635,4.0759804248809814
DragonNet,67,2.771011292965594,2.954295014894535,1.1241186305682938,1.3902477550058032,6.421279191970825
T-learner,68,0.564524831990933,0.5237902507111202,0.086890352871972,0.2073229712506537,1.2218384742736816
CausalForestDML,68,0.5785015558951565,0.5869091751939834,0.05797523898197632,0.03235169233825674,1.7341713905334473
TARNet,68,0.3234126037742594,0.3142946755349115,0.1679158335605888,0.15636881176810125,2.288565158843994
DragonNet,68,0.3402503410329969,0.34070566030928184,0.13607741650736616,0.12025030438284734,2.285259246826172
T-learner,69,0.4992379441625441,0.3610106763445716,0.058551148382566254,0.16012061176292036,0.7824037075042725
CausalForestDML,69,0.2074343728117356,0.18834959125133557,0.10158801281554597,0.11753035335291528,1.7044942378997803
TARNet,69,0.139758383479287,0.13327267815083685,0.010931900009755857,0.00712207599830883,1.0104758739471436
DragonNet,69,0.18086664496710136,0.199334921000585,0.10137755586182617,0.12580064579201,2.0008978843688965
T-learner,70,2.8431396957252164,2.6553809275341105,0.3007824102206893,0.5294052615371427,1.265629529953003
CausalForestDML,70,4.783994251731722,3.7924594736183086,0.8216499654308169,1.488686112364519,1.7986080646514893
TARNet,70,1.0416520922215662,0.9929723940266804,0.1402696078169514,0.08230810069249817,3.2404229640960693
DragonNet,70,1.1398388845805294,1.051395159993318,0.3150860364091228,0.39935083485437683,3.3600094318389893
T-learner,71,0.4880485106181756,0.3783544420519626,0.03538583611452584,0.045815286952914036,0.7693755626678467
CausalForestDML,71,0.1705840846831864,0.18030328349847988,0.05602919366451742,0.05765773251083184,2.293968439102173
TARNet,71,0.1313551393786717,0.14106565958564807,0.06225227769370534,0.07363078080785002,0.9017891883850098
DragonNet,71,0.3112605018425716,0.30586405840542724,0.29182529989723704,0.28389599836695467,1.0247139930725098
T-learner,72,0.5228508017919062,0.4548304524254753,0.0814145155786461,0.1019034818488449,0.941213846206665
CausalForestDML,72,0.7582983247290743,0.7976831660069154,0.02455560327367623,0.018388920304447165,1.7384395599365234
TARNet,72,0.3735327961417716,0.3363530405576544,0.21245554642044207,0.1941903993108416,1.11110520362854
DragonNet,72,0.3414244676850882,0.3174716354731956,0.1090984697755446,0.07144345488335135,1.3059558868408203
T-learner,73,0.5201587347625235,0.4204452701600841,0.01446023074304481,0.008084669005800293,0.7464687824249268
CausalForestDML,73,0.40430646934805514,0.3080037612022927,0.006152066697124425,0.0483894785503205,1.698495864868164
TARNet,73,0.3542414053250957,0.3019517701960601,0.04970769070611336,0.035558666007455386,0.7406198978424072
DragonNet,73,0.3408660722364102,0.31367875935573086,0.06694392346368172,0.0530471456217132,0.9646804332733154
T-learner,74,0.5129559881635976,0.3665923313290241,0.07792814324532982,0.05031315002604675,1.1551463603973389
CausalForestDML,74,0.25174118707241333,0.22502181998745885,0.14709058489523974,0.1456708218314393,2.557373285293579
TARNet,74,0.31037585973062753,0.3269720533948158,0.12398070534631733,0.12999071313845745,1.514829158782959
DragonNet,74,0.5507346917546729,0.5240553306109064,0.12436681548192974,0.12362013624203572,2.4771406650543213
T-learner,75,2.462193153451748,3.4326238817636767,0.1091838399818501,0.6330606842302178,0.772958517074585
CausalForestDML,75,4.033253780213835,4.223720520597745,0.6229753738598198,0.11072074574745638,1.6561527252197266
TARNet,75,0.8345110969615895,0.7831879910543793,0.22625152725971986,0.3385587736275353,2.6685054302215576
DragonNet,75,0.9783434226848059,0.9838212736712443,0.4963401998976593,0.5793846651222863,5.213553428649902
T-learner,76,0.5389827876162926,0.49828824813617384,0.0838614288384365,0.07116953701779849,0.7846386432647705
CausalForestDML,76,0.6680604615035816,0.6390126790344006,0.28514022951361007,0.35929500017871874,1.7099909782409668
TARNet,76,0.4798469236228516,0.39104145494648024,0.2619623472062589,0.23236678966535962,1.0256435871124268
DragonNet,76,0.3341697128249201,0.33703834897123003,0.16009324091353427,0.11613582500471509,1.5132570266723633
T-learner,77,0.5414242791991665,0.48496155229346427,0.1781063336274027,0.0431922215623457,0.7684929370880127
CausalForestDML,77,0.36514364097193897,0.34869007511982436,0.10622132288794273,0.10083557753310668,1.7347466945648193
TARNet,77,0.2749297216516804,0.2880900275931517,0.11392760679219194,0.08863482548097323,2.3822765350341797
DragonNet,77,0.43154182661611457,0.4123994731597888,0.23392129346821733,0.20465979648927402,3.373974561691284
T-learner,78,0.6180704864472406,0.545996357989269,0.015144285857592976,0.029354365897041212,0.7506163120269775
CausalForestDML,78,0.6161184859690119,0.6209861451771871,0.09329927706584851,0.08601549246013107,1.6725409030914307
TARNet,78,0.4321886325591803,0.43538173195892566,0.09477252333466968,0.029102834188415194,1.504380702972412
DragonNet,78,0.3251358497859804,0.3093157473643172,0.01942711503202954,0.08136746076397738,3.3672292232513428
T-learner,79,0.5907286519585044,0.49752017064066084,0.14760916001304603,0.022231146894893694,0.7570292949676514
CausalForestDML,79,0.39211934646370716,0.4205463846895092,0.10364403368150965,0.14672145791510394,2.2006266117095947
TARNet,79,0.28566810586695196,0.24175452078985157,0.03696590537994604,0.019694916345250224,2.458231210708618
DragonNet,79,0.35193952091164465,0.3951446756722844,0.15503209953338404,0.19020403232418337,1.832016944885254
T-learner,80,7.74444606244751,11.391858063282228,0.45544226095955764,1.4678038634257362,0.7693424224853516
CausalForestDML,80,16.78431024316087,17.79637473283807,2.5032730794011844,2.442689714697731,1.700117588043213
TARNet,80,2.537333441752226,3.196536579477038,0.05343945493819113,0.10185342908882333,3.3575079441070557
DragonNet,80,2.6632069644236904,3.6621759300695285,0.10453860292313699,0.09091752885795401,5.6935365200042725
T-learner,81,3.11661565946203,4.4280052269188985,0.10559970151259135,0.14116484620324998,1.0539653301239014
CausalForestDML,81,5.506226330959084,5.9002608457984795,0.2530411755795279,0.0574029486807035,1.6817827224731445
TARNet,81,1.4381538459911944,1.4704244011686742,0.023722679144250414,0.18009705266479248,3.8916313648223877
DragonNet,81,1.623878466779942,1.7151850689304997,0.03239396286617424,0.18233461102966064,3.5468242168426514
T-learner,82,1.3194162080591842,1.941253821953305,0.15671233803729923,0.09367241046778485,1.22257661819458
CausalForestDML,82,2.4894262229494544,2.7917881357695835,0.6127467270199904,0.5581263244016892,2.4937031269073486
TARNet,82,0.5755486569639567,0.51721625368673,0.1675818169163339,0.11990026372477924,2.614497661590576
DragonNet,82,0.597707913352704,0.5619268611460515,0.2691953384922616,0.25651315587565815,3.140279531478882
T-learner,83,4.2371310181314,8.23318546611928,0.015372628916896058,0.6957311507615935,0.7682106494903564
CausalForestDML,83,8.660120703719034,10.063199418698744,0.015574266803227044,1.4513101758639437,1.6823854446411133
TARNet,83,1.8923020688701855,3.605931200020634,0.1217399901603824,0.24816339368350437,6.82348108291626
DragonNet,83,2.0671574880691033,3.5233509089483004,0.43367420966871917,0.7281106775475257,5.38804817199707
T-learner,84,7.748534862813292,9.693586693343802,0.36454676406572195,1.384479903728613,0.7590470314025879
CausalForestDML,84,14.344691893456613,11.380694828210054,1.5437275450692052,2.1001030407698913,1.68973708152771
TARNet,84,3.126188897749198,2.8086031943639407,0.22913177629715942,0.20516562135393945,3.8699605464935303
DragonNet,84,3.7896958436018253,3.5896218825706403,0.28747403939969085,0.09677243559186133,2.9509899616241455
T-learner,85,6.4255140175682826,11.100815423765404,0.6993031539833554,2.0827331501662694,0.7449204921722412
CausalForestDML,85,11.379880478777606,14.734236898184566,2.1428823851177157,0.17761670644590355,1.7102811336517334
TARNet,85,1.5872155860413628,2.1147227847904517,0.047463858552767135,0.10750193548958586,3.612440824508667
DragonNet,85,1.7899455543901148,2.4684993748604698,0.32473949151437154,0.26338367509085847,4.51363730430603
T-learner,86,0.9938158187799484,1.2676848305682038,0.04478481465704576,0.06581061457727166,1.2175159454345703
CausalForestDML,86,1.7772516059780836,1.8673069474142607,0.47283792351565523,0.34652323744679947,1.686690330505371
TARNet,86,0.47216501756946594,0.7008655565997242,0.039671854612786994,0.0674852253291629,1.4212064743041992
DragonNet,86,0.5303990820099319,0.6944659932713053,0.2469491525864198,0.26161469233966095,2.6739909648895264
T-learner,87,0.5411474474781308,0.3975907533155312,0.11280261862712404,0.024743316142648464,0.775723934173584
CausalForestDML,87,0.1979245087206338,0.16216200436458972,0.056524974946266404,0.018292656180538103,1.7060389518737793
TARNet,87,0.3880066619561426,0.38443129475853444,0.2250234542444436,0.15842454196399425,1.8558926582336426
DragonNet,87,0.18278404677442067,0.19069884219324754,0.0915567336633889,0.08736054660266612,2.000037431716919
T-learner,88,1.022163027796543,1.0016396620469852,0.019339115999677414,0.08783177669748454,1.2030766010284424
CausalForestDML,88,1.940451968639808,1.5201028211053547,0.19504054269799065,0.11324580854311161,1.7237579822540283
TARNet,88,0.5444387061861463,0.5533044828542897,0.17517693085325226,0.27050275735370466,2.6249289512634277
DragonNet,88,0.6163789818296269,0.6189673429428405,0.12305004639280304,0.21750492982379743,2.394564390182495
T-learner,89,0.673689533137318,0.6090082140899631,0.06024006049037123,0.011198939270245845,0.7469165325164795
CausalForestDML,89,0.9308410764697633,1.010390581826387,0.15348712817936816,0.05805437396281876,1.6490466594696045
TARNet,89,0.469078514662016,0.4464673208249615,0.2770715792325822,0.29067568260532717,2.520498275756836
DragonNet,89,0.4648333623012254,0.4444185421425585,0.2422519762662736,0.2376871534000049,2.457789182662964
T-learner,90,0.660061262639435,0.6531748127885304,0.3433385978532906,0.40974134161890285,0.7877326011657715
CausalForestDML,90,0.41785127525502014,0.42275625730904115,0.22207060584559013,0.2449159304503299,1.7346305847167969
TARNet,90,0.3638679760175157,0.42354535057226256,0.19062388046723733,0.22238594199159945,1.7488985061645508
DragonNet,90,0.48223371411511956,0.5206540024825295,0.12208521469575295,0.22072726393678987,2.0250766277313232
T-learner,91,0.8150829240779379,1.260035545878338,0.09282555742530274,0.11247822096793758,0.7882146835327148
CausalForestDML,91,1.919997993488843,1.781372772921146,0.1380628524846088,0.02962683938479138,2.053950071334839
TARNet,91,0.6781686770520975,0.6718786405017869,0.18624139406073592,0.13794533629531847,1.9360969066619873
DragonNet,91,0.6841015573852428,0.6389465862929824,0.2446649131952574,0.2173122586738585,2.0889732837677
T-learner,92,5.131262211312205,5.665579308938059,0.28986817007246835,0.19643985326904811,0.7575705051422119
CausalForestDML,92,9.437430090699822,7.622512169814347,1.2390204805042373,1.8126664066119575,1.6551356315612793
TARNet,92,2.8764259657661233,2.281269100762062,0.38528157720875633,0.7099735538364946,2.4978437423706055
DragonNet,92,2.7934459429567267,2.0192854475465984,0.6942892218620766,0.9062430660130083,4.85010838508606
T-learner,93,0.6222355746817568,0.6310622496750226,0.06439203564020524,0.061956715149251274,1.2371118068695068
CausalForestDML,93,0.9766152543078115,1.1664192328656544,0.17560630350103779,0.2467647818270784,2.189908981323242
TARNet,93,0.3542966293717161,0.3463799187845725,0.0036495902411264325,0.09193418853317858,0.9736189842224121
DragonNet,93,0.3406532728480622,0.3276952304682743,0.04562151647884427,0.06713531844650866,1.5352563858032227
T-learner,94,0.576982778711125,0.5751205123308336,0.10107918781245662,0.11185157643427068,0.7577886581420898
CausalForestDML,94,0.8243592345572802,0.8901292476948656,0.06158300824037877,0.0821753905958249,1.7069010734558105
TARNet,94,0.2929869291985079,0.28939073339362653,0.026998145077916202,0.01041667806807034,1.63517427444458
DragonNet,94,0.38287484603815625,0.3651337304629494,0.1531735486728869,0.17171876775923245,1.9427599906921387
T-learner,95,0.759656084552506,1.52236659424919,0.01977176081260623,0.38379711038575826,1.0862374305725098
CausalForestDML,95,1.20989621424974,1.8200870273804475,0.19267682592504976,0.2937312165507593,2.4183316230773926
TARNet,95,0.4095190524769623,0.691342172509301,0.10691653678635316,0.011497257112546233,2.3612422943115234
DragonNet,95,0.4244264925242778,0.6219097849740899,0.1089531082890387,0.004164455293698577,1.9898645877838135
T-learner,96,0.8115516516511369,0.8600253280828836,0.09743746945819787,0.10222543123371075,0.7682909965515137
CausalForestDML,96,1.1765709617588904,1.2149329577608972,0.26154604010231886,0.37226412693297917,1.6986677646636963
TARNet,96,0.4373222609015334,0.4159039900910045,0.07577643956006952,0.06810205785458923,4.0807976722717285
DragonNet,96,0.58807414422668,0.537732412152866,0.18688378895582147,0.23639458028500915,4.630992412567139
T-learner,97,3.995231790122928,7.205188251021371,0.13362465860435435,1.1365278009939264,0.787421464920044
CausalForestDML,97,6.310087498700793,8.808851261201923,0.5887337976914857,0.6918817003472277,1.687678337097168
TARNet,97,1.4330708386977546,2.4885013895562738,0.4202211953477759,0.39315937584388383,3.629790782928467
DragonNet,97,1.4612588401597375,2.4789164794148535,0.18986545575427005,0.1859540802811397,5.908294677734375
T-learner,98,1.2869988769075393,1.3150259324733882,0.0010131236891686157,0.022632985697821795,0.9641027450561523
CausalForestDML,98,2.4783146843839963,1.9672615403338152,0.363535033443104,0.5075132354291156,1.6872835159301758
TARNet,98,0.6695911077726204,0.7232704711838349,0.1636678261495259,0.2580964861808521,2.925110340118408
DragonNet,98,0.7397125413480359,0.8185964584560609,0.2261072678304341,0.3310635386405689,3.2231686115264893
T-learner,99,0.7703883003969507,0.9104552774004698,0.15556275747844017,0.1612678004319208,0.7644398212432861
CausalForestDML,99,1.2880494803153402,1.4371616292309137,0.2878803712019642,0.22290260878617785,2.473191738128662
TARNet,99,0.43308763267907074,0.41672604938325597,0.0861739523333096,0.09379716088672829,2.900864601135254
DragonNet,99,0.5267967596074212,0.5096687743887137,0.28631919693169827,0.26987738778492165,2.5532498359680176
