estimator,het,conf,seed,pehe_in,pehe_out,ate_err_in,seconds
T-learner,0.5,0.5,0,0.7521752740028638,0.5494510510532374,0.2161696605527051,3.262566566467285
CausalForestDML,0.5,0.5,0,0.3566476288059373,0.3267140245480402,0.0947464432728061,4.42786717414856
TARNet tuned,0.5,0.5,0,0.4073867449389246,0.4036629291889819,0.0995547349203226,4.966287851333618
DragonNet tuned,0.5,0.5,0,0.4737193474501766,0.4762117984249032,0.1301561171758768,6.720398902893066
TARNet default,0.5,0.5,0,0.574017109157354,0.5726020910926481,0.0793125455629232,7.493570804595947
DragonNet default,0.5,0.5,0,0.3771869209278242,0.3808773159361958,0.102135616039097,6.4923176765441895
T-learner,0.5,0.5,1,0.7326964869739991,0.5400250057846545,0.1865177559812777,1.6931161880493164
CausalForestDML,0.5,0.5,1,0.365629689765284,0.3657179597003344,0.0804892818363739,4.487523555755615
TARNet tuned,0.5,0.5,1,0.3812251480728842,0.3896433513208097,0.0470260102611944,8.02692198753357
DragonNet tuned,0.5,0.5,1,0.4162014876603849,0.4306537767001807,0.187543125854151,7.063180923461914
TARNet default,0.5,0.5,1,0.4215190448655297,0.4380087203993474,0.0257566254275872,7.536538124084473
DragonNet default,0.5,0.5,1,0.3842876512051517,0.3774532340825303,0.084468813644068,3.821546792984009
T-learner,0.5,0.5,2,0.7955706997737924,0.6408450896921536,0.0950184353855525,1.6831088066101074
CausalForestDML,0.5,0.5,2,0.3403704981918609,0.3498499401902387,0.0126092787154545,6.24571704864502
TARNet tuned,0.5,0.5,2,0.3662821363081815,0.3899183005386756,0.0046866190275867,4.963043212890625
DragonNet tuned,0.5,0.5,2,0.3890574103223518,0.4064670644917887,0.0266038525262157,9.05308198928833
TARNet default,0.5,0.5,2,0.4961117778570486,0.5252645892043819,0.1353590738615711,4.063311576843262
DragonNet default,0.5,0.5,2,0.4495758940155323,0.4731211094731938,0.0412351238885204,3.7720556259155273
T-learner,0.5,0.5,3,0.735999963689585,0.586585946066086,0.1230096636067654,2.444022417068481
CausalForestDML,0.5,0.5,3,0.411658422985202,0.4190753835877074,0.0352873514098452,5.3879899978637695
TARNet tuned,0.5,0.5,3,0.3945747181548671,0.3931848382093109,0.1191491483633349,6.401639938354492
DragonNet tuned,0.5,0.5,3,0.3795237553747257,0.3788915439674297,0.0694611667578051,7.1067187786102295
TARNet default,0.5,0.5,3,0.4487923271028392,0.4664299239506408,0.0479196311052014,5.953927755355835
DragonNet default,0.5,0.5,3,0.4966559545197666,0.512273378554848,0.1670016051347425,9.066774845123293
T-learner,0.5,0.5,4,0.7037591157384616,0.566510898412789,0.1129124773840815,1.6864326000213623
CausalForestDML,0.5,0.5,4,0.358459342111942,0.3859690806294986,0.0363945319499372,4.534089088439941
TARNet tuned,0.5,0.5,4,0.3892270140917632,0.4104525741627449,0.030182621435133,5.859099626541138
DragonNet tuned,0.5,0.5,4,0.3617122005261148,0.3776909902305355,0.0391408586941088,4.004281997680664
TARNet default,0.5,0.5,4,0.4282187036213551,0.4356357353972789,0.0272101974048291,6.190091133117676
DragonNet default,0.5,0.5,4,0.4626795796800214,0.4748857386012862,0.1787225222148571,7.006226062774658
T-learner,0.5,1.5,0,1.0064586974889265,0.7915542319592161,0.5169304331118055,1.6845858097076416
CausalForestDML,0.5,1.5,0,0.4024675899329715,0.3932748864265616,0.0581352313070898,5.766294002532959
TARNet tuned,0.5,1.5,0,0.4469030159627009,0.4438810081378355,0.1958008582342264,8.11011290550232
DragonNet tuned,0.5,1.5,0,0.5799584980905584,0.5706833831418371,0.3088728959310648,11.615189790725708
TARNet default,0.5,1.5,0,0.4497736796183949,0.4624283358519248,0.0699657971609232,6.18984055519104
DragonNet default,0.5,1.5,0,0.4674534932610529,0.4575309774796394,0.0254355495225789,7.810967683792114
T-learner,0.5,1.5,1,1.0110113604716662,0.8909880682798548,0.5373576598820117,1.683383226394653
CausalForestDML,0.5,1.5,1,0.4576294203299985,0.4489569499846416,0.1844756801112331,5.111972093582153
TARNet tuned,0.5,1.5,1,0.4367862281040807,0.4605547376646381,0.0314185340267584,7.243261575698851
DragonNet tuned,0.5,1.5,1,0.5326142481090058,0.5673765163419312,0.1657299716335699,7.10703444480896
TARNet default,0.5,1.5,1,0.5244142713890502,0.5066343778769236,0.0265504400867059,7.929376602172852
DragonNet default,0.5,1.5,1,0.6226249672115947,0.6091047027366207,0.1800169665676519,7.173110723495483
T-learner,0.5,1.5,2,1.1128980942453508,0.9401241020256844,0.5652228760084936,2.014739751815796
CausalForestDML,0.5,1.5,2,0.3858133247304917,0.3839170435758763,0.0197854134752908,4.35459041595459
TARNet tuned,0.5,1.5,2,0.4922530713282518,0.4952712296241275,0.2254751074471752,6.021288871765137
DragonNet tuned,0.5,1.5,2,0.6421340708085785,0.6490528563237384,0.2617076981225292,11.624093294143677
TARNet default,0.5,1.5,2,0.4679166932998743,0.5068167891080974,0.101392542139558,7.683819532394409
DragonNet default,0.5,1.5,2,0.4212403511850584,0.4416133018032491,0.1130458462395946,6.561107397079468
T-learner,0.5,1.5,3,0.925466486455718,0.7600003392454026,0.4186444147638661,3.1995317935943604
CausalForestDML,0.5,1.5,3,0.4354948973841596,0.4463918505331238,0.0784696285259256,4.762724876403809
TARNet tuned,0.5,1.5,3,0.4458696378647372,0.4520716142888173,0.1199048160497973,8.741826057434082
DragonNet tuned,0.5,1.5,3,0.5282764176981781,0.5376380910334019,0.1291934846823046,10.13443374633789
TARNet default,0.5,1.5,3,0.4388446443206166,0.4243749538952025,0.0552530885751416,8.693851470947266
DragonNet default,0.5,1.5,3,0.4520342664631389,0.4471362019908763,0.114787221055763,5.448876619338989
T-learner,0.5,1.5,4,0.907985493765387,0.7971288910285226,0.4336614445451578,2.537529230117798
CausalForestDML,0.5,1.5,4,0.4380078524796233,0.4419572211836921,0.0026189184495597,5.331833362579346
TARNet tuned,0.5,1.5,4,0.4112781768669004,0.4120926825186787,0.0238114809550915,3.874222040176392
DragonNet tuned,0.5,1.5,4,0.4609080588200648,0.4599297682427863,0.0074895238437329,5.865586042404175
TARNet default,0.5,1.5,4,0.517206845563071,0.49254041317107,0.1169376587428723,4.842434883117676
DragonNet default,0.5,1.5,4,0.5303382642036539,0.5223318993408552,0.0449781035937939,8.318029165267944
T-learner,2.5,0.5,0,1.2665018349342496,1.2550502493299929,0.2869791392646946,2.600125789642334
CausalForestDML,2.5,0.5,0,1.3229089410450303,1.3146131659221478,0.1146283550293988,4.193128824234009
TARNet tuned,2.5,0.5,0,1.1452632392256172,1.145073507342259,0.0959379945936785,8.305075883865356
DragonNet tuned,2.5,0.5,0,1.2248189954744222,1.1856724527106164,0.1547544275465594,8.16791319847107
TARNet default,2.5,0.5,0,0.7416071340647354,0.7394354904829855,0.1370011841002093,9.028230905532835
DragonNet default,2.5,0.5,0,0.8258368257394202,0.7888332690207934,0.0822188581284893,9.063047885894775
T-learner,2.5,0.5,1,1.2824916462346263,1.2347746359900962,0.2199547507532262,2.761791706085205
CausalForestDML,2.5,0.5,1,1.354811759061261,1.3148701764038415,0.1296499483939981,4.119802713394165
TARNet tuned,2.5,0.5,1,1.1318176393264514,1.0904730768855584,0.0053445304124728,10.901968717575071
DragonNet tuned,2.5,0.5,1,1.1939513000863935,1.1771726695033415,0.1216760670454129,8.39946699142456
TARNet default,2.5,0.5,1,0.7131288379754324,0.6735984318587922,0.0010310614793673,7.583630561828613
DragonNet default,2.5,0.5,1,0.7993549979731012,0.8377741656708109,0.1077352558881863,10.700855255126951
T-learner,2.5,0.5,2,1.265244487495235,1.3852738545941918,0.1153260734039116,1.6763052940368652
CausalForestDML,2.5,0.5,2,1.3775391100024192,1.5149315366615288,0.0320536099548347,4.148676633834839
TARNet tuned,2.5,0.5,2,1.136690664473219,1.2144405145554562,0.100787454922339,7.847967386245727
DragonNet tuned,2.5,0.5,2,1.248587841030275,1.3436796145463632,0.0081704200102297,7.634305953979492
TARNet default,2.5,0.5,2,0.7163941269208205,0.739664854695719,0.0126411377595456,8.525840759277344
DragonNet default,2.5,0.5,2,0.8246223726399143,0.8060995696013902,0.2227947174714597,6.566515207290649
T-learner,2.5,0.5,3,1.2136143899807252,1.3741843810053187,0.1725171932540385,2.8907570838928223
CausalForestDML,2.5,0.5,3,1.3838766451312834,1.47724389373946,0.0692874896371509,4.807460784912109
TARNet tuned,2.5,0.5,3,1.0328691101338787,1.0630821454008936,0.0577585702217471,6.21908450126648
DragonNet tuned,2.5,0.5,3,1.1462899467907743,1.168291714582696,0.0900403852187741,7.266032934188843
TARNet default,2.5,0.5,3,0.7402454268310871,0.7899350741354392,0.0419777040756594,7.287853717803955
DragonNet default,2.5,0.5,3,0.6720775359971247,0.706381248016013,0.078711689022864,9.139678716659546
T-learner,2.5,0.5,4,1.272842288755058,1.3315328288322048,0.211324931435795,1.660993576049805
CausalForestDML,2.5,0.5,4,1.3740088781178506,1.51747461443244,0.0187597221382929,5.359724998474121
TARNet tuned,2.5,0.5,4,1.2610395452256145,1.2451961296036966,0.1045857546518618,4.110455513000488
DragonNet tuned,2.5,0.5,4,1.2846821528543635,1.2825670622718062,0.0197069170285886,5.707484483718872
TARNet default,2.5,0.5,4,0.7078324783778757,0.7813209692036907,0.0614987137128537,8.744757413864136
DragonNet default,2.5,0.5,4,0.7862704675434117,0.8749006701079274,0.2263287184427553,9.190360069274902
T-learner,2.5,1.5,0,1.7328361360843012,1.6433489092378148,0.7724497361306563,2.6352076530456543
CausalForestDML,2.5,1.5,0,1.3442244544813864,1.3375316170835176,0.2306045179804269,4.122707843780518
TARNet tuned,2.5,1.5,0,1.1450721803316335,1.1708797219049083,0.3521850382032977,13.64780306816101
DragonNet tuned,2.5,1.5,0,1.1931714613069997,1.19132687738108,0.4124616657438861,17.100152254104614
TARNet default,2.5,1.5,0,0.7737448422107102,0.7457324600598403,0.2225975717362774,6.785998821258545
DragonNet default,2.5,1.5,0,0.714419303236895,0.7043836292988284,0.0079035486039532,6.841007709503174
T-learner,2.5,1.5,1,1.7792876413481635,1.7672350611758207,0.7982656168853766,1.6824476718902588
CausalForestDML,2.5,1.5,1,1.4842829575241951,1.464441158736985,0.3791919465552571,5.953351020812988
TARNet tuned,2.5,1.5,1,1.214990579908721,1.1826194761872768,0.2595850025922879,15.958088159561155
DragonNet tuned,2.5,1.5,1,1.2308209289922063,1.2214136541747624,0.3700825964719876,14.30472183227539
TARNet default,2.5,1.5,1,0.8597132744885719,0.8260143231250819,0.1749008690626248,7.227781534194946
DragonNet default,2.5,1.5,1,0.8427329107056097,0.8032990032109762,0.0904872214109524,8.15454387664795
T-learner,2.5,1.5,2,1.6254700188694338,1.6513133231591786,0.6784453752488047,1.6844627857208252
CausalForestDML,2.5,1.5,2,1.401301686222104,1.5078593295513052,0.1553873754157606,5.194340944290161
TARNet tuned,2.5,1.5,2,1.272387829228467,1.3301098992447271,0.3072361291243044,11.038187980651855
DragonNet tuned,2.5,1.5,2,1.3004348514797377,1.362717679165374,0.2829263747526613,16.39125347137451
TARNet default,2.5,1.5,2,0.8664746018596035,0.903784041858593,0.2726781905485598,6.794635772705078
DragonNet default,2.5,1.5,2,0.8283951225732757,0.8337142180564772,0.1937990843461545,9.046437978744509
T-learner,2.5,1.5,3,1.6265655745202252,1.7696126273624029,0.6213325937122571,1.844107151031494
CausalForestDML,2.5,1.5,3,1.4219297390675616,1.501121248065907,0.1811098329108003,4.191152334213257
TARNet tuned,2.5,1.5,3,1.1655638924982414,1.187524498669556,0.2496739024840939,3.7692720890045166
DragonNet tuned,2.5,1.5,3,1.1515626380088602,1.1931747506575547,0.2397661800109494,9.48820948600769
TARNet default,2.5,1.5,3,0.6756383219607844,0.6464341849309375,0.0608975286208737,5.7487952709198
DragonNet default,2.5,1.5,3,0.7638495529198531,0.7602289657575904,0.1096346979416262,9.871386528015137
T-learner,2.5,1.5,4,1.513558481075668,1.5843336341167444,0.603162394820546,1.6874980926513672
CausalForestDML,2.5,1.5,4,1.3785426093730726,1.5034808307740253,0.1784636370861025,6.036936521530151
TARNet tuned,2.5,1.5,4,1.2276571302745098,1.1689806249557304,0.2000892879773801,31.846105098724365
DragonNet tuned,2.5,1.5,4,1.2671013412403065,1.1950742310458604,0.271400404195947,23.14788126945496
TARNet default,2.5,1.5,4,0.7907133608064304,0.7469981566667465,0.1828190805722898,6.386033535003662
DragonNet default,2.5,1.5,4,0.7484971767376242,0.7807640142196189,0.0666738627146059,7.655959606170654
T-learner,8.0,0.5,0,3.5963554782091807,3.968652766267759,0.407565573640422,1.7000579833984375
CausalForestDML,8.0,0.5,0,4.233258097170824,4.248629535451301,0.2293516480414967,4.138124227523804
TARNet tuned,8.0,0.5,0,2.496063606636932,2.3484526279708198,0.0749717554273647,10.706706523895264
DragonNet tuned,8.0,0.5,0,2.695873203994489,2.5339965932446087,0.1028775373277621,9.11175799369812
TARNet default,8.0,0.5,0,1.256605935218022,1.2810875923243412,0.2774491706666904,15.029870510101318
DragonNet default,8.0,0.5,0,1.213335016857046,1.3082612726503342,0.0230862298784213,8.990080833435059
T-learner,8.0,0.5,1,3.6007014665857806,3.870282890222344,0.2234148129737083,2.021976947784424
CausalForestDML,8.0,0.5,1,4.2379605744794615,4.10917063691449,0.2059309384381412,5.542064905166626
TARNet tuned,8.0,0.5,1,2.348977004583033,2.3334620401765123,0.2077824776365994,13.414969205856323
DragonNet tuned,8.0,0.5,1,2.6522032590314017,2.652109555673222,0.0748622114464999,10.53452968597412
TARNet default,8.0,0.5,1,1.2218701842610726,1.3749947042642352,0.4076419775679348,16.110909938812256
DragonNet default,8.0,0.5,1,1.2115688884155635,1.3103805347981825,0.0384157602980373,9.45506715774536
T-learner,8.0,0.5,2,3.637849687721737,4.640967573957864,0.1606899561656403,3.3290977478027344
CausalForestDML,8.0,0.5,2,4.293858304512314,4.88551865431076,0.0845773067467747,4.374293804168701
TARNet tuned,8.0,0.5,2,2.1237368252101247,2.151314289179027,0.1985786387782391,25.771642208099365
DragonNet tuned,8.0,0.5,2,2.5779109837389256,2.610092726911338,0.2432032396931354,18.245063066482544
TARNet default,8.0,0.5,2,1.1546561131815396,1.25834130673265,0.2580967972140606,10.084496259689333
DragonNet default,8.0,0.5,2,1.237539861005974,1.3776498622626645,0.0500975081782635,9.18811535835266
T-learner,8.0,0.5,3,3.621590554315991,4.487874987394068,0.2443722121245841,2.86881422996521
CausalForestDML,8.0,0.5,3,4.361303141241602,4.643037726569705,0.1476827132053508,4.218546628952026
TARNet tuned,8.0,0.5,3,1.6626867198805015,1.752382712700328,0.0275694115712321,24.870153188705444
DragonNet tuned,8.0,0.5,3,2.2286793596624395,2.295606940226082,0.3119465096547282,9.626811742782593
TARNet default,8.0,0.5,3,1.10971285586248,1.2863763538111004,0.1118323223040425,8.340069770812988
DragonNet default,8.0,0.5,3,1.1309078900583935,1.2424143555408356,0.0271489604069865,10.845730304718018
T-learner,8.0,0.5,4,3.769093316562557,4.439884945219104,0.4419769684919519,1.6992125511169434
CausalForestDML,8.0,0.5,4,4.344106103291168,4.703734109339628,0.1968941532560815,4.1427741050720215
TARNet tuned,8.0,0.5,4,2.339765929860117,2.195317632876206,0.0508858115544712,27.79796051979065
DragonNet tuned,8.0,0.5,4,2.861713984111017,2.697878112216778,0.1078426987996494,6.899533987045288
TARNet default,8.0,0.5,4,1.4918727303424844,1.5135202591626322,0.0089850575795566,5.292951822280884
DragonNet default,8.0,0.5,4,1.3290602172378712,1.5406178872123837,0.31743977953287,9.513563871383669
T-learner,8.0,1.5,0,4.049506202545238,4.134015776354702,1.2763514916455545,1.6658034324645996
CausalForestDML,8.0,1.5,0,4.272910056060715,4.198543506481575,0.6605612977086124,4.109817981719971
TARNet tuned,8.0,1.5,0,2.61773482934363,2.5337419533915413,0.1980485120592074,7.844116926193237
DragonNet tuned,8.0,1.5,0,2.97549394650368,2.8354971844683217,0.2980617681322055,9.336789608001707
TARNet default,8.0,1.5,0,1.514224656995259,1.57652289981648,0.1252681413469272,8.884578943252563
DragonNet default,8.0,1.5,0,1.4168871290599148,1.4987230792124924,0.0207277139844936,10.552218914031982
T-learner,8.0,1.5,1,4.043769594042828,4.221948999568956,1.247696559894151,1.6803183555603027
CausalForestDML,8.0,1.5,1,4.388413191745102,4.246908979210139,0.7811565175356064,4.158417463302612
TARNet tuned,8.0,1.5,1,2.761181844055759,2.7733070267115028,0.3875628416731594,8.207860231399536
DragonNet tuned,8.0,1.5,1,2.732092493133236,2.7319917922820944,0.3929623072340725,9.485604763031006
TARNet default,8.0,1.5,1,1.426902184841918,1.4671413990005189,0.3468930428221463,8.046756029129028
DragonNet default,8.0,1.5,1,1.8455428780611856,1.9092697914369643,0.3584277336790799,9.254894971847534
T-learner,8.0,1.5,2,3.705334099463349,4.441654714543628,0.9539271913995782,1.7195816040039062
CausalForestDML,8.0,1.5,2,4.174694497971155,4.640391713815715,0.3131606809518839,4.194842100143433
TARNet tuned,8.0,1.5,2,2.846864502500135,2.900924644799004,0.4101938774723712,9.824317455291748
DragonNet tuned,8.0,1.5,2,2.8311036308744044,2.8449076454594096,0.2591414024967853,20.22837829589844
TARNet default,8.0,1.5,2,1.472422163366781,1.48057115182624,0.1901334097523395,7.759170770645142
DragonNet default,8.0,1.5,2,1.3575973898459597,1.450087712104032,0.1192451288838092,9.099579334259031
T-learner,8.0,1.5,3,4.110833134410388,4.876419613294481,1.006670320672139,1.7002232074737549
CausalForestDML,8.0,1.5,3,4.2091424497729095,4.4662181882676535,0.5125376199864822,4.2302727699279785
TARNet tuned,8.0,1.5,3,2.456842453079191,2.4829008188292923,0.1260397418095744,7.064858675003052
DragonNet tuned,8.0,1.5,3,2.37191318611566,2.44440703275341,0.2557938082768596,8.542290449142456
TARNet default,8.0,1.5,3,1.0351148323541004,1.1105713771960934,0.0816066248967326,9.551975011825562
DragonNet default,8.0,1.5,3,1.2790026959027574,1.391893645388394,0.1434169991566813,8.86182451248169
T-learner,8.0,1.5,4,3.8117054014004887,4.439786950009685,1.0149541012412313,1.9553449153900144
CausalForestDML,8.0,1.5,4,4.218069733049487,4.514860526354743,0.6123502544395738,4.150206804275513
TARNet tuned,8.0,1.5,4,2.7842613534576666,2.5743286742892746,0.2096350343099033,15.701375484466553
DragonNet tuned,8.0,1.5,4,2.9747975369652657,2.6928230703113933,0.2882282883992588,11.092049598693848
TARNet default,8.0,1.5,4,1.2700962386010928,1.2560255640621634,0.4001764505037868,8.858107328414917
DragonNet default,8.0,1.5,4,1.561835051002236,1.6232225396187103,0.1708878724703395,14.621766805648804
T-learner,0.5,0.5,5,0.7472241727720546,0.593755772002824,0.13398011632200113,2.5006537437438965
CausalForestDML,0.5,0.5,5,0.372722673337623,0.3567313188666102,0.008259316348637857,4.390735626220703
TARNet tuned,0.5,0.5,5,0.3600480323118128,0.3527298945390198,0.07941727655101816,4.950952768325806
DragonNet tuned,0.5,0.5,5,0.37683138919837805,0.37092153311513687,0.0684838773505787,12.757938146591187
TARNet default,0.5,0.5,5,0.37394321054322927,0.35193623811154395,0.15323538763355216,5.8636369705200195
DragonNet default,0.5,0.5,5,0.467166813397725,0.423185922164832,0.005642068217506013,6.194489479064941
T-learner,0.5,0.5,6,0.7172845992840182,0.5403839122729676,0.18538737353477208,1.6803648471832275
CausalForestDML,0.5,0.5,6,0.3629824859451466,0.3221949387471862,0.028050217512394116,6.3414599895477295
TARNet tuned,0.5,0.5,6,0.3751336400270091,0.34256319744449965,0.08981148090325874,4.314882040023804
DragonNet tuned,0.5,0.5,6,0.42028933300085003,0.3883202284237043,0.21560827579461617,8.638254404067993
TARNet default,0.5,0.5,6,0.4290003427876178,0.4256471556309109,0.0568021169666143,6.310885906219482
DragonNet default,0.5,0.5,6,0.5038203308234677,0.4816575532258937,0.13112596359216255,8.57550048828125
T-learner,0.5,0.5,7,0.7187453072826439,0.5601852865440761,0.11461768755628843,1.6352221965789795
CausalForestDML,0.5,0.5,7,0.3863439165121532,0.3487250520354335,0.019684836674413453,4.370825290679932
TARNet tuned,0.5,0.5,7,0.3933872057878672,0.3838238382814303,0.14485256075518482,9.200359582901001
DragonNet tuned,0.5,0.5,7,0.3900291125832823,0.3770344589404875,0.06072093844754345,6.35439658164978
TARNet default,0.5,0.5,7,0.3368810605090832,0.3326975226337332,0.042323034998348885,5.548710823059082
DragonNet default,0.5,0.5,7,0.37471431566461705,0.37337600964403483,0.06248335241930836,4.155510425567627
T-learner,0.5,0.5,8,0.8108869947170002,0.642566586309298,0.2502102468305727,1.655576467514038
CausalForestDML,0.5,0.5,8,0.40031857904573165,0.3792264855371948,0.12379539143437546,5.402738094329834
TARNet tuned,0.5,0.5,8,0.4747006504744182,0.4724489438545777,0.29599879920396654,5.731755018234253
DragonNet tuned,0.5,0.5,8,0.39936394369925116,0.410073463222109,0.07818912207994311,10.290652990341187
TARNet default,0.5,0.5,8,0.4244450631632439,0.4179415682402958,0.01684771716508715,5.092536926269531
DragonNet default,0.5,0.5,8,0.45247824101872763,0.44690225114299165,0.10668073832902758,6.369942903518677
T-learner,0.5,0.5,9,0.7763146498947555,0.5777613909566829,0.21352104899880053,2.9095726013183594
CausalForestDML,0.5,0.5,9,0.3492209387589509,0.29745564915063544,0.11449492901647329,4.353497505187988
TARNet tuned,0.5,0.5,9,0.3678195934979487,0.3480813943452689,0.034273388344239986,6.205949783325195
DragonNet tuned,0.5,0.5,9,0.4603759193424844,0.4551169918103348,0.21997189756054858,10.37131118774414
TARNet default,0.5,0.5,9,0.4588237358364603,0.43105734090081155,0.07470243934969922,8.079145193099976
DragonNet default,0.5,0.5,9,0.5894097296626166,0.5776406596030061,0.07974076036791822,9.890665292739868
T-learner,0.5,1.5,5,1.042662800637685,0.8535030171927482,0.5029984817173803,2.952237844467163
CausalForestDML,0.5,1.5,5,0.40103540935994264,0.3845915295908022,0.11056918192838139,4.389428377151489
TARNet tuned,0.5,1.5,5,0.43597666172600985,0.41070550580812487,0.1676042558448414,5.746869087219238
DragonNet tuned,0.5,1.5,5,0.5291970780282114,0.48892043035156224,0.22279052751232187,9.343848705291748
TARNet default,0.5,1.5,5,0.49970044233882505,0.460111252194958,0.04646461026836435,6.9324631690979
DragonNet default,0.5,1.5,5,0.4444712965021444,0.4095655330480581,0.013870406319389739,5.381793737411499
T-learner,0.5,1.5,6,1.0531995611947054,0.8620648625253253,0.5466589647651959,1.672593593597412
CausalForestDML,0.5,1.5,6,0.4168954350976122,0.3872946683538996,0.06739049919003459,4.795323610305786
TARNet tuned,0.5,1.5,6,0.4987445759360377,0.4551444963117988,0.24589530315362496,8.51169729232788
DragonNet tuned,0.5,1.5,6,0.599605811497935,0.5550658986920296,0.2920483716961054,8.828393936157227
TARNet default,0.5,1.5,6,0.44466373680270566,0.4218701737073299,0.08565501060449165,4.323773622512817
DragonNet default,0.5,1.5,6,0.5591201880632144,0.5311498411955425,0.1860133775707392,4.128971338272095
T-learner,0.5,1.5,7,0.9262494605363453,0.7907096747806222,0.4539864285949392,2.1924006938934326
CausalForestDML,0.5,1.5,7,0.39359293842872856,0.36325971607093016,0.0668564395347594,5.51568603515625
TARNet tuned,0.5,1.5,7,0.4339641734169045,0.4332102048293885,0.09384230970995777,5.366851568222046
DragonNet tuned,0.5,1.5,7,0.5834431150422194,0.5840399630445301,0.14418773054736012,9.354206800460815
TARNet default,0.5,1.5,7,0.4675201891900927,0.4636083747428631,0.15548793673174732,3.807837963104248
DragonNet default,0.5,1.5,7,0.5189958112698461,0.5085769546202689,0.03394548296587818,9.297213315963745
T-learner,0.5,1.5,8,1.054498603455876,0.8455716658228148,0.576779421646622,1.7005600929260254
CausalForestDML,0.5,1.5,8,0.4418289177309787,0.39743736145746095,0.1597004361805059,4.39821195602417
TARNet tuned,0.5,1.5,8,0.45793065955796713,0.45159263826857876,0.20844577491197436,6.826144456863403
DragonNet tuned,0.5,1.5,8,0.5471463210641263,0.5483995816145005,0.26587985694322436,6.022085905075073
TARNet default,0.5,1.5,8,0.6311149294095534,0.6623519683576652,0.026928258539105965,7.889541387557983
DragonNet default,0.5,1.5,8,0.4983269868036594,0.5055222605851107,0.17334018886003344,4.712000846862793
T-learner,0.5,1.5,9,1.0982275261419845,0.8832154388330447,0.632994930793691,1.7135648727416992
CausalForestDML,0.5,1.5,9,0.42517927777364767,0.376977837075961,0.1258363431554096,6.4181904792785645
TARNet tuned,0.5,1.5,9,0.4765447015014647,0.42133258747424346,0.19720661874432543,5.1619040966033936
DragonNet tuned,0.5,1.5,9,0.5711245773481977,0.5199388055101898,0.2760731005253313,7.300664663314819
TARNet default,0.5,1.5,9,0.5375184940955756,0.46066778538132114,0.15231991048474292,3.629769802093506
DragonNet default,0.5,1.5,9,0.6123988706199305,0.5630231622748291,0.3894841694416521,3.4780688285827637
T-learner,2.5,0.5,5,1.2547272450320934,1.3830960532735017,0.1704525003002476,1.6655240058898926
CausalForestDML,2.5,0.5,5,1.3293743758677268,1.3827586878898372,0.03178866631458166,5.628642559051514
TARNet tuned,2.5,0.5,5,1.1676909928725783,1.2323714804006385,0.1451569804037115,16.438874006271362
DragonNet tuned,2.5,0.5,5,1.306005482294168,1.3919108417572663,0.18957245434169978,11.306404829025269
TARNet default,2.5,0.5,5,0.6693754184903157,0.7327602948242197,0.011435925117681323,6.577467441558838
DragonNet default,2.5,0.5,5,0.800718054492825,0.8183102264935007,0.24319344674701482,8.074143171310425
T-learner,2.5,0.5,6,1.2088648306411713,1.1666294709803653,0.24141382108303944,1.6535558700561523
CausalForestDML,2.5,0.5,6,1.359814205299276,1.2002425521348599,0.07211192860729954,4.1249330043792725
TARNet tuned,2.5,0.5,6,1.2260514310955855,1.1754846040198004,0.19046420287902555,12.128493547439575
DragonNet tuned,2.5,0.5,6,1.335242238361109,1.2561461725524425,0.21194643211181363,8.080148696899414
TARNet default,2.5,0.5,6,0.6805982146323861,0.6703312995448201,0.015732888696744052,8.048688888549805
DragonNet default,2.5,0.5,6,0.798439917605696,0.8150354510982323,0.0722617549877902,8.652076244354248
T-learner,2.5,0.5,7,1.280244513158833,1.268914840087234,0.16055352755343477,1.635974645614624
CausalForestDML,2.5,0.5,7,1.4512283011440892,1.3146877386210367,0.0377982783806865,4.173514127731323
TARNet tuned,2.5,0.5,7,1.1557272384607178,1.1729846895854759,0.15390190480436672,12.205645322799683
DragonNet tuned,2.5,0.5,7,1.2197082086411213,1.209007420939435,0.15239974854673732,11.361934423446655
TARNet default,2.5,0.5,7,0.778480260745651,0.7928851278045077,0.017485529201370587,6.851649284362793
DragonNet default,2.5,0.5,7,0.7599472889057624,0.767272484725531,0.05037519337449681,9.833539962768555
T-learner,2.5,0.5,8,1.3794052299790611,1.4054985612809354,0.37686202738021934,1.6771924495697021
CausalForestDML,2.5,0.5,8,1.381662272595075,1.3823759982295873,0.21664538835859115,5.327111721038818
TARNet tuned,2.5,0.5,8,1.2091951481048842,1.1576052903106764,0.08121627270745468,9.017210245132446
DragonNet tuned,2.5,0.5,8,1.3066449321819202,1.2529711808366493,0.1654689878182335,10.25843095779419
TARNet default,2.5,0.5,8,0.7655706543440652,0.7794779672308342,0.1349407464308815,5.559313058853149
DragonNet default,2.5,0.5,8,0.7768660649762402,0.804142793041318,0.04460245072411728,8.224031686782837
T-learner,2.5,0.5,9,1.3677405760307562,1.2689080133781492,0.27465589841322524,1.6720082759857178
CausalForestDML,2.5,0.5,9,1.3112717299362047,1.1920914303397814,0.13785814652645834,4.1323792934417725
TARNet tuned,2.5,0.5,9,1.1901788324473617,1.1181581336244628,0.028030228407143642,10.826228618621826
DragonNet tuned,2.5,0.5,9,1.342298310886584,1.2996741637687297,0.16297460773682504,13.076278686523438
TARNet default,2.5,0.5,9,0.7516994972832967,0.7248914641050809,0.1396699068853846,5.436690807342529
DragonNet default,2.5,0.5,9,0.770159551493677,0.7360845931216434,0.18220676162934213,7.093450546264648
T-learner,2.5,1.5,5,1.6364105411221053,1.5820990516765747,0.6751072087719684,1.6844921112060547
CausalForestDML,2.5,1.5,5,1.3837325816593824,1.3915534703428414,0.21221530437259462,4.193777799606323
TARNet tuned,2.5,1.5,5,1.1964789045767255,1.2167596961971683,0.3946015843236944,11.456266403198242
DragonNet tuned,2.5,1.5,5,1.2965981144681873,1.3340192895186958,0.5031967171514532,15.838621377944946
TARNet default,2.5,1.5,5,0.7760008730795027,0.8535749423518338,0.15447950447445125,7.21306300163269
DragonNet default,2.5,1.5,5,0.933894642889657,1.0415792893624243,0.39214193905239314,6.6691248416900635
T-learner,2.5,1.5,6,1.5944477426800194,1.43078810463919,0.7088018149713273,2.886369228363037
CausalForestDML,2.5,1.5,6,1.3912319520178449,1.2363288534493595,0.16538294214075844,4.725439548492432
TARNet tuned,2.5,1.5,6,1.3251417654553344,1.2750480328689104,0.3983338518124362,4.07945442199707
DragonNet tuned,2.5,1.5,6,1.3292530941659084,1.257284454042646,0.39597446155364713,10.336977005004883
TARNet default,2.5,1.5,6,0.8007691598328793,0.7720111902304545,0.21161550712402066,6.620206117630005
DragonNet default,2.5,1.5,6,0.710472009303487,0.7061554843717709,0.03049075174515048,8.501993417739868
T-learner,2.5,1.5,7,1.5765414103983182,1.5907303432692415,0.6413633449030057,1.68040132522583
CausalForestDML,2.5,1.5,7,1.476747799599283,1.3326633178979588,0.13025065264106106,4.699658632278442
TARNet tuned,2.5,1.5,7,1.1894952946266866,1.2033622641993507,0.26558503506864894,6.592133283615112
DragonNet tuned,2.5,1.5,7,1.1653660587374761,1.1737392472619939,0.2928296029397427,12.859638929367065
TARNet default,2.5,1.5,7,0.7550160600081756,0.7760791257901933,0.05423966051850926,9.366398572921753
DragonNet default,2.5,1.5,7,0.7026652815529393,0.6925199710970421,0.026618033630508076,8.588580131530762
T-learner,2.5,1.5,8,1.7933292793566102,1.6356271112560221,0.8082666220770937,1.6701676845550537
CausalForestDML,2.5,1.5,8,1.476050944637468,1.4379574475076087,0.4100428842480094,6.106245279312134
TARNet tuned,2.5,1.5,8,1.2913647085585627,1.2229735362529357,0.30414026677178574,12.613090991973877
DragonNet tuned,2.5,1.5,8,1.3972965982390164,1.2766525895691798,0.45668118893670273,13.77796983718872
TARNet default,2.5,1.5,8,0.8361368939064766,0.782019272346956,0.14775770604180527,7.381661891937256
DragonNet default,2.5,1.5,8,0.829791011805624,0.8344427461254992,0.0890306800560875,8.683112144470215
T-learner,2.5,1.5,9,1.85220082903633,1.6486129890924257,0.8629538456516535,1.7098305225372314
CausalForestDML,2.5,1.5,9,1.4247018424569362,1.2721680043466563,0.2939340000693138,4.1548542976379395
TARNet tuned,2.5,1.5,9,1.3039383932044921,1.1899770101953897,0.48236883857941537,15.244018077850342
DragonNet tuned,2.5,1.5,9,1.3287379007029423,1.201276344034113,0.5255371449301234,21.338532209396362
TARNet default,2.5,1.5,9,0.7780318035193177,0.7186414150908552,0.04218779823088736,8.040246963500977
DragonNet default,2.5,1.5,9,0.7759805094690666,0.7189563750961849,0.002890575139761875,7.940469980239868
T-learner,8.0,0.5,5,3.5277589407203296,4.266399323070874,0.26570967759195996,1.6926591396331787
CausalForestDML,8.0,0.5,5,4.221152816932638,4.501426909689954,0.07415886049282516,4.118700742721558
TARNet tuned,8.0,0.5,5,2.3842160449131504,2.549457636163982,0.1338826325685184,21.416118383407593
DragonNet tuned,8.0,0.5,5,2.9007515478505317,3.212681035311474,0.0933276918679874,10.87134051322937
TARNet default,8.0,0.5,5,1.213465737655153,1.4689438587796138,0.09077154667679477,10.556060314178467
DragonNet default,8.0,0.5,5,1.3240991608388994,1.5558752657761845,0.05629818709198642,10.055474996566772
T-learner,8.0,0.5,6,3.425068865220301,3.6246697647328068,0.33791848037750327,1.672715663909912
CausalForestDML,8.0,0.5,6,4.287344320598455,3.9067484738713745,0.18161857592522201,6.023790121078491
TARNet tuned,8.0,0.5,6,2.023221438040082,2.1849727565360686,0.020436893087533603,17.92910075187683
DragonNet tuned,8.0,0.5,6,2.9245547010650346,2.9032459053611723,0.20736657561669003,8.485861539840698
TARNet default,8.0,0.5,6,1.1306342940948597,1.2122986905073085,0.16494906960120548,11.953561305999756
DragonNet default,8.0,0.5,6,1.2476825014795763,1.3043004050157176,0.018604983705374112,11.370928525924683
T-learner,8.0,0.5,7,3.8695622622222694,4.2439186913590055,0.20445965760722495,1.9446802139282227
CausalForestDML,8.0,0.5,7,4.504819095647153,4.223461190679942,0.09353995902659529,5.617172479629517
TARNet tuned,8.0,0.5,7,2.0326992715288354,2.068840148290143,0.05863820319856716,18.49521040916443
DragonNet tuned,8.0,0.5,7,2.3328397339325284,2.3763572846842993,0.056329441016062964,27.637958765029907
TARNet default,8.0,0.5,7,1.1695909875626096,1.2552584618165754,0.0018799782344253169,10.024575233459473
DragonNet default,8.0,0.5,7,1.2295210028845933,1.3469666955133872,0.053451728766307105,11.914096593856812
T-learner,8.0,0.5,8,3.813909027935577,4.395784993274418,0.6131727153472623,1.7147338390350342
CausalForestDML,8.0,0.5,8,4.4124106366702724,4.558315208987126,0.4150948555630084,4.120715856552124
TARNet tuned,8.0,0.5,8,2.241120004810726,2.194200383065276,0.006880304827142303,33.02862858772278
DragonNet tuned,8.0,0.5,8,2.598762526490029,2.432479826194155,0.20229403017575687,19.399020433425903
TARNet default,8.0,0.5,8,1.2066672245982935,1.2110626769515869,0.066656627641272,10.854357481002808
DragonNet default,8.0,0.5,8,1.3462998510809099,1.4079116276725578,0.005610785498071258,9.995712280273438
T-learner,8.0,0.5,9,3.917088295984204,4.05269267937915,0.4587550450914488,3.2398526668548584
CausalForestDML,8.0,0.5,9,4.282158240766017,3.890422332615964,0.2459924803303195,4.274317979812622
TARNet tuned,8.0,0.5,9,2.2879047148627096,2.105059073264156,0.06608311109847742,10.870474100112915
DragonNet tuned,8.0,0.5,9,2.642999715207257,2.394678646920046,0.018179632952878055,12.982316970825195
TARNet default,8.0,0.5,9,1.1242910941989712,1.1751194701846095,0.3057345526725741,7.389125347137451
DragonNet default,8.0,0.5,9,1.4039790356381412,1.399728255375455,0.32829777174300867,9.986554384231567
T-learner,8.0,1.5,5,3.8065697621547314,4.23756339267426,1.0295495648382618,1.6681461334228516
CausalForestDML,8.0,1.5,5,4.22167170775988,4.420454881662834,0.4491476550633341,4.064720153808594
TARNet tuned,8.0,1.5,5,2.6442432592180842,2.8305031150309463,0.7032751348764102,12.49935793876648
DragonNet tuned,8.0,1.5,5,2.9263443838865193,3.3439057768916984,0.6434250381738346,12.501415491104126
TARNet default,8.0,1.5,5,1.587103207301317,2.0215652179209385,0.46247058184448886,7.88214373588562
DragonNet default,8.0,1.5,5,1.7446930335661173,2.1579046579321304,0.36027543814484286,13.650609731674194
T-learner,8.0,1.5,6,3.496775043356404,3.408146270901023,0.9962619035724984,1.6992733478546143
CausalForestDML,8.0,1.5,6,4.258481554001682,3.8091084809865907,0.46536346482764634,4.1101179122924805
TARNet tuned,8.0,1.5,6,2.6003740748423803,2.729755251026324,0.2829714912355865,9.976319074630737
DragonNet tuned,8.0,1.5,6,2.6228152431260137,2.696798617081085,0.48605405272850644,10.545299053192139
TARNet default,8.0,1.5,6,1.2231292884061382,1.2223402599708137,0.04683143911948551,9.007798194885254
DragonNet default,8.0,1.5,6,1.3765503998459472,1.3971518355874855,0.04951505841622006,11.16766881942749
T-learner,8.0,1.5,7,3.844018501268846,4.135927857352733,0.9594188194416343,1.6807920932769775
CausalForestDML,8.0,1.5,7,4.452967294926863,4.155832063712288,0.31697886771303396,4.896012306213379
TARNet tuned,8.0,1.5,7,2.1116967329161564,2.1397293283398757,0.13258494133268284,51.87097692489624
DragonNet tuned,8.0,1.5,7,2.495349488238268,2.507071919902822,0.2415989159992783,11.357993364334106
TARNet default,8.0,1.5,7,1.2222023075327886,1.2655884906128325,0.06294237380708767,10.774500131607056
DragonNet default,8.0,1.5,7,1.391773935707921,1.407239349062435,0.18947939878191067,11.680036306381226
T-learner,8.0,1.5,8,4.193232541331933,4.287667539475681,1.2743216122832397,1.7047641277313232
CausalForestDML,8.0,1.5,8,4.462695229113769,4.493642427373167,0.9610171640972814,4.176504850387573
TARNet tuned,8.0,1.5,8,2.7425695399411816,2.626347628251152,0.08952633379514163,34.836790323257446
DragonNet tuned,8.0,1.5,8,2.747609341321564,2.484007130972257,0.4704720163207764,53.048388719558716
TARNet default,8.0,1.5,8,1.421776026532801,1.3276023837235078,0.10157445906217044,9.189025402069092
DragonNet default,8.0,1.5,8,1.671692400660773,1.6265976694982074,0.02891949652249759,11.500991582870483
T-learner,8.0,1.5,9,4.335993855646316,4.152274312900802,1.4079461825903512,1.7235546112060547
CausalForestDML,8.0,1.5,9,4.404495093650727,4.003305524126521,0.7643147482782153,4.142526388168335
TARNet tuned,8.0,1.5,9,2.656992158902881,2.3572656863338524,0.5993948357612582,18.692476511001587
DragonNet tuned,8.0,1.5,9,2.716524236550885,2.380415651907835,0.38970569544143396,19.493274450302124
TARNet default,8.0,1.5,9,1.4121314740921602,1.3792561516629498,0.005769215294650021,11.368852138519287
DragonNet default,8.0,1.5,9,1.4427505412747184,1.3776360206524718,0.009606145092776242,11.331152200698853
