estimator,het,conf,seed,pehe_in,pehe_out,ate_err_in,seconds,weight_decay,rep_dim
TARNet,8.0,1.5,0,1.497372521705632,1.485329966145403,0.11552111299609713,18.976389169692993,0.001,200
TARNet,8.0,1.5,1,1.7118678044296065,1.7862548736008785,0.05541333605792509,11.147491216659546,0.001,200
TARNet,8.0,1.5,2,1.295943993893201,1.3327974760693209,0.22791524435469546,16.462164163589478,0.001,200
TARNet,8.0,1.5,3,1.3709100196525,1.4601970553083916,0.03915727299908034,14.454521417617798,0.001,200
TARNet,8.0,1.5,4,1.638825750122395,1.4872699580087696,0.13564251352640033,10.432161092758179,0.001,200
TARNet,8.0,1.5,5,1.8046894299076548,2.3257130378582387,0.147797694519202,6.168294668197632,0.001,200
TARNet,8.0,1.5,6,1.6006707687127448,1.6356563760717677,0.13126145781883847,13.091544389724731,0.001,200
TARNet,8.0,1.5,7,1.492049899018242,1.4942061305762226,0.030870008523121606,12.709322214126587,0.001,200
TARNet,8.0,1.5,8,1.7431455338808597,1.5412971912588507,0.18998733995969241,13.239919662475586,0.001,200
TARNet,8.0,1.5,9,1.8623226763482355,1.6756337013372415,0.37414077692336756,9.576903343200684,0.001,200
TARNet,8.0,1.5,0,2.6839498744791883,2.549594795881165,0.08287719877337985,5.668972969055176,0.01,200
TARNet,8.0,1.5,1,2.8025580188280412,2.7969171333463723,0.41592463900592314,9.172071933746338,0.01,200
TARNet,8.0,1.5,2,2.787568346775635,2.8240513850911735,0.12807198072859682,14.405877113342285,0.01,200
TARNet,8.0,1.5,3,2.5498310829618442,2.5735083037481257,0.3164780123784221,10.522768497467041,0.01,200
TARNet,8.0,1.5,4,2.5979253841185694,2.362853621259149,0.43641771386770367,28.302382230758667,0.01,200
TARNet,8.0,1.5,5,2.59609691980695,2.8742389844914675,0.555946162059943,29.672956943511963,0.01,200
TARNet,8.0,1.5,6,2.4779134906338895,2.550714405298669,0.3204684156359161,13.492242813110352,0.01,200
TARNet,8.0,1.5,7,2.441797222328157,2.4879997345799643,0.21911169285093235,17.981407642364502,0.01,200
TARNet,8.0,1.5,8,2.550852757559538,2.4243203901210886,0.149969615922522,44.8094756603241,0.01,200
TARNet,8.0,1.5,9,2.843023561983302,2.544928034248426,0.571872271826932,8.886812210083008,0.01,200
TARNet,8.0,1.5,0,3.188162496196219,3.0576030467428805,0.738047639447208,15.0141122341156,0.03,200
TARNet,8.0,1.5,1,3.260159917506584,3.2902092849009743,0.5235666339590787,18.376360177993774,0.03,200
TARNet,8.0,1.5,2,3.41191967050615,3.4551407917928283,0.8112338354725543,40.21670746803284,0.03,200
TARNet,8.0,1.5,3,3.10469418297433,3.1674398131873818,0.323568461711613,8.557506084442139,0.03,200
TARNet,8.0,1.5,4,3.178808021038358,2.932012370163274,0.5612793118825352,13.632476568222046,0.03,200
TARNet,8.0,1.5,5,3.153628955700671,3.461777848669012,0.5872626808435123,16.619518995285034,0.03,200
TARNet,8.0,1.5,6,3.208627369967517,3.133663824362101,0.8950714963854278,9.134607076644897,0.03,200
TARNet,8.0,1.5,7,3.0585822071087416,2.9558727644234644,0.6278793334416001,13.375270128250122,0.03,200
TARNet,8.0,1.5,8,3.3550766456259242,3.0461055880625305,0.8139459276061768,23.623224020004272,0.03,200
TARNet,8.0,1.5,9,3.1734602932948737,2.8928010038194456,1.0137385504753085,36.2401659488678,0.03,200
TARNet,8.0,1.5,0,1.3562523641419422,1.4289046180611538,0.43501810224628024,15.247121334075928,0.0001,64
TARNet,8.0,1.5,1,1.5570394892722799,1.653044724141419,0.2608797843262912,11.791367053985596,0.0001,64
TARNet,8.0,1.5,2,1.3644460899857325,1.461634778100384,0.0012563040394488745,10.548184633255005,0.0001,64
TARNet,8.0,1.5,3,1.3228529786203136,1.4464349478135814,0.3806437866137349,11.639594316482544,0.0001,64
TARNet,8.0,1.5,4,1.5616214637133523,1.5766956799408467,0.030966266883333926,7.567842483520508,0.0001,64
TARNet,8.0,1.5,5,1.5274510904748142,1.902270006860573,0.008576741531531096,11.176990270614624,0.0001,64
TARNet,8.0,1.5,6,1.1984161941661384,1.1968545935053523,0.24655198039421689,13.696317434310913,0.0001,64
TARNet,8.0,1.5,7,1.2951498230259622,1.365919735818228,0.3919256210872085,12.567093849182129,0.0001,64
TARNet,8.0,1.5,8,1.3994639718367408,1.337597799081539,0.04898591996614987,12.409407377243042,0.0001,64
TARNet,8.0,1.5,9,1.5489220147743328,1.4551200153165185,0.1300579684287997,13.388220310211182,0.0001,64
TARNet,8.0,1.5,0,1.5092716672099669,1.558724714239478,0.17752043397998385,22.404484510421753,0.0001,16
TARNet,8.0,1.5,1,1.762956973339806,1.8898734322312032,0.25326904704120146,19.341384172439575,0.0001,16
TARNet,8.0,1.5,2,1.5196082223762086,1.644974182430985,0.2816210558552448,20.284033060073853,0.0001,16
TARNet,8.0,1.5,3,1.63325651326204,1.7459798977666934,0.19035732907513014,14.719164848327637,0.0001,16
TARNet,8.0,1.5,4,1.874871362991027,1.8569115860602565,0.024836912857571836,14.49805212020874,0.0001,16
TARNet,8.0,1.5,5,1.7193517845361976,1.9557557515980777,0.3195923361032803,13.649391889572144,0.0001,16
TARNet,8.0,1.5,6,2.133983200539077,2.2046346069193654,0.5534171956957306,6.647222280502319,0.0001,16
TARNet,8.0,1.5,7,1.5928103677960124,1.6943036977946824,0.15026490693773342,12.409433364868164,0.0001,16
TARNet,8.0,1.5,8,1.7153403956684097,1.5779245970326508,0.17545513151700443,23.15383744239807,0.0001,16
TARNet,8.0,1.5,9,1.828745883328743,1.645339891470837,0.1645900385887118,13.13577914237976,0.0001,16
